Year,District,Latitude,Longitude,Avg_Rainfall,Avg_Temperature,Avg_Humidity,Population_Density,People_Displaced,Fatalities,Cholera_Cases,Malaria_Cases,Dengue_Cases,Month_Index,Flood_Duration_Days,Flood_Marker,Waterbody_Proximity,Flood_Severity_Index
2022,Badin,24.6551671,68.8401509,5.566928104575164,29.504183006535925,72.47771241830068,,,,,,,6,30,1,5000,0.11
2022,Badin,24.6551671,68.8401509,5.566928104575164,29.504183006535925,72.47771241830068,,,,,,,7,30,1,5000,0.11
2022,Badin,24.6551671,68.8401509,5.566928104575164,29.504183006535925,72.47771241830068,,,,,,,8,30,1,5000,0.11
2022,Badin,24.6551671,68.8401509,5.566928104575164,29.504183006535925,72.47771241830068,,,,,,,9,30,1,5000,0.11
2022,Badin,24.6551671,68.8401509,5.566928104575164,29.504183006535925,72.47771241830068,,,,,,,10,30,1,5000,0.11
2022,Bahawalnagar,29.9935922,73.2527621,2.951568627450978,31.56437908496732,54.20078431372551,,,,,,,6,30,1,5000,0.06
2022,Bahawalnagar,29.9935922,73.2527621,2.951568627450978,31.56437908496732,54.20078431372551,,,,,,,7,30,1,5000,0.06
2022,Bahawalnagar,29.9935922,73.2527621,2.951568627450978,31.56437908496732,54.20078431372551,,,,,,,8,30,1,5000,0.06
2022,Bahawalnagar,29.9935922,73.2527621,2.951568627450978,31.56437908496732,54.20078431372551,,,,,,,9,30,1,5000,0.06
2022,Bahawalnagar,29.9935922,73.2527621,2.951568627450978,31.56437908496732,54.20078431372551,,,,,,,10,30,1,5000,0.06
2022,Bahawalpur,29.40295,71.6523454,2.677516339869282,31.861437908496733,54.18183006535948,,,,,,,6,30,1,5000,0.05
2022,Bahawalpur,29.40295,71.6523454,2.677516339869282,31.861437908496733,54.18183006535948,,,,,,,7,30,1,5000,0.05
2022,Bahawalpur,29.40295,71.6523454,2.677516339869282,31.861437908496733,54.18183006535948,,,,,,,8,30,1,5000,0.05
2022,Bahawalpur,29.40295,71.6523454,2.677516339869282,31.861437908496733,54.18183006535948,,,,,,,9,30,1,5000,0.05
2022,Bahawalpur,29.40295,71.6523454,2.677516339869282,31.861437908496733,54.18183006535948,,,,,,,10,30,1,5000,0.05
2022,Bannu,32.9857007,70.6036017,3.1536601307189547,28.007712418300663,55.73980392156863,,,,,,,6,30,1,5000,0.06
2022,Bannu,32.9857007,70.6036017,3.1536601307189547,28.007712418300663,55.73980392156863,,,,,,,7,30,1,5000,0.06
2022,Bannu,32.9857007,70.6036017,3.1536601307189547,28.007712418300663,55.73980392156863,,,,,,,8,30,1,5000,0.06
2022,Bannu,32.9857007,70.6036017,3.1536601307189547,28.007712418300663,55.73980392156863,,,,,,,9,30,1,5000,0.06
2022,Bannu,32.9857007,70.6036017,3.1536601307189547,28.007712418300663,55.73980392156863,,,,,,,10,30,1,5000,0.06
2022,Barkhan,29.9003125,69.5230398,4.442941176470589,24.07993464052287,62.92843137254901,,,,,,,6,30,1,5000,0.09
2022,Barkhan,29.9003125,69.5230398,4.442941176470589,24.07993464052287,62.92843137254901,,,,,,,7,30,1,5000,0.09
2022,Barkhan,29.9003125,69.5230398,4.442941176470589,24.07993464052287,62.92843137254901,,,,,,,8,30,1,5000,0.09
2022,Barkhan,29.9003125,69.5230398,4.442941176470589,24.07993464052287,62.92843137254901,,,,,,,9,30,1,5000,0.09
2022,Barkhan,29.9003125,69.5230398,4.442941176470589,24.07993464052287,62.92843137254901,,,,,,,10,30,1,5000,0.09
2022,Central Karachi,24.9240802,67.1138217,4.839411764705881,28.234967320261443,80.91980392156862,,,,,,,6,30,1,5000,0.1
2022,Central Karachi,24.9240802,67.1138217,4.839411764705881,28.234967320261443,80.91980392156862,,,,,,,7,30,1,5000,0.1
2022,Central Karachi,24.9240802,67.1138217,4.839411764705881,28.234967320261443,80.91980392156862,,,,,,,8,30,1,5000,0.1
2022,Central Karachi,24.9240802,67.1138217,4.839411764705881,28.234967320261443,80.91980392156862,,,,,,,9,30,1,5000,0.1
2022,Central Karachi,24.9240802,67.1138217,4.839411764705881,28.234967320261443,80.91980392156862,,,,,,,10,30,1,5000,0.1
2022,Charsadda,34.1461506,71.7337464,4.869150326797386,28.150522875817003,62.47078431372548,,,,,,,6,30,1,5000,0.1
2022,Charsadda,34.1461506,71.7337464,4.869150326797386,28.150522875817003,62.47078431372548,,,,,,,7,30,1,5000,0.1
2022,Charsadda,34.1461506,71.7337464,4.869150326797386,28.150522875817003,62.47078431372548,,,,,,,8,30,1,5000,0.1
2022,Charsadda,34.1461506,71.7337464,4.869150326797386,28.150522875817003,62.47078431372548,,,,,,,9,30,1,5000,0.1
2022,Charsadda,34.1461506,71.7337464,4.869150326797386,28.150522875817003,62.47078431372548,,,,,,,10,30,1,5000,0.1
2022,Chiniot,31.7309524,72.9834213,3.4666666666666663,31.096274509803926,56.161960784313685,,,,,,,6,30,1,5000,0.07
2022,Chiniot,31.7309524,72.9834213,3.4666666666666663,31.096274509803926,56.161960784313685,,,,,,,7,30,1,5000,0.07
2022,Chiniot,31.7309524,72.9834213,3.4666666666666663,31.096274509803926,56.161960784313685,,,,,,,8,30,1,5000,0.07
2022,Chiniot,31.7309524,72.9834213,3.4666666666666663,31.096274509803926,56.161960784313685,,,,,,,9,30,1,5000,0.07
2022,Chiniot,31.7309524,72.9834213,3.4666666666666663,31.096274509803926,56.161960784313685,,,,,,,10,30,1,5000,0.07
2022,Chitral,35.850889,71.7901897,1.3637254901960785,7.860784313725493,51.4141176470588,,,,,,,6,30,1,5000,0.03
2022,Chitral,35.850889,71.7901897,1.3637254901960785,7.860784313725493,51.4141176470588,,,,,,,7,30,1,5000,0.03
2022,Chitral,35.850889,71.7901897,1.3637254901960785,7.860784313725493,51.4141176470588,,,,,,,8,30,1,5000,0.03
2022,Chitral,35.850889,71.7901897,1.3637254901960785,7.860784313725493,51.4141176470588,,,,,,,9,30,1,5000,0.03
2022,Chitral,35.850889,71.7901897,1.3637254901960785,7.860784313725493,51.4141176470588,,,,,,,10,30,1,5000,0.03
2022,Dadu,26.7274836,67.7804974,7.85875816993464,29.800000000000004,66.06241830065362,,,,,,,6,30,1,5000,0.16
2022,Dadu,26.7274836,67.7804974,7.85875816993464,29.800000000000004,66.06241830065362,,,,,,,7,30,1,5000,0.16
2022,Dadu,26.7274836,67.7804974,7.85875816993464,29.800000000000004,66.06241830065362,,,,,,,8,30,1,5000,0.16
2022,Dadu,26.7274836,67.7804974,7.85875816993464,29.800000000000004,66.06241830065362,,,,,,,9,30,1,5000,0.16
2022,Dadu,26.7274836,67.7804974,7.85875816993464,29.800000000000004,66.06241830065362,,,,,,,10,30,1,5000,0.16
2022,Dera Allah Yar,28.3717207,68.3561509,12.041699346405228,31.014379084967324,63.55235294117649,,,,,,,6,30,1,5000,0.24
2022,Dera Allah Yar,28.3717207,68.3561509,12.041699346405228,31.014379084967324,63.55235294117649,,,,,,,7,30,1,5000,0.24
2022,Dera Allah Yar,28.3717207,68.3561509,12.041699346405228,31.014379084967324,63.55235294117649,,,,,,,8,30,1,5000,0.24
2022,Dera Allah Yar,28.3717207,68.3561509,12.041699346405228,31.014379084967324,63.55235294117649,,,,,,,9,30,1,5000,0.24
2022,Dera Allah Yar,28.3717207,68.3561509,12.041699346405228,31.014379084967324,63.55235294117649,,,,,,,10,30,1,5000,0.24
2022,Dera Ghazi Khan,30.0321374,70.6401114,3.440980392156861,31.051568627450997,55.53522875816993,,,,,,,6,30,1,5000,0.07
2022,Dera Ghazi Khan,30.0321374,70.6401114,3.440980392156861,31.051568627450997,55.53522875816993,,,,,,,7,30,1,5000,0.07
2022,Dera Ghazi Khan,30.0321374,70.6401114,3.440980392156861,31.051568627450997,55.53522875816993,,,,,,,8,30,1,5000,0.07
2022,Dera Ghazi Khan,30.0321374,70.6401114,3.440980392156861,31.051568627450997,55.53522875816993,,,,,,,9,30,1,5000,0.07
2022,Dera Ghazi Khan,30.0321374,70.6401114,3.440980392156861,31.051568627450997,55.53522875816993,,,,,,,10,30,1,5000,0.07
2022,Dera Ismail Khan,31.827527,70.9090919,3.3574509803921564,30.933594771241815,54.361960784313695,,,,,,,6,30,1,5000,0.07
2022,Dera Ismail Khan,31.827527,70.9090919,3.3574509803921564,30.933594771241815,54.361960784313695,,,,,,,7,30,1,5000,0.07
2022,Dera Ismail Khan,31.827527,70.9090919,3.3574509803921564,30.933594771241815,54.361960784313695,,,,,,,8,30,1,5000,0.07
2022,Dera Ismail Khan,31.827527,70.9090919,3.3574509803921564,30.933594771241815,54.361960784313695,,,,,,,9,30,1,5000,0.07
2022,Dera Ismail Khan,31.827527,70.9090919,3.3574509803921564,30.933594771241815,54.361960784313695,,,,,,,10,30,1,5000,0.07
2022,East Karachi,24.8381531,67.067704,4.839411764705881,28.234967320261443,80.91980392156862,,,,,,,6,30,1,5000,0.1
2022,East Karachi,24.8381531,67.067704,4.839411764705881,28.234967320261443,80.91980392156862,,,,,,,7,30,1,5000,0.1
2022,East Karachi,24.8381531,67.067704,4.839411764705881,28.234967320261443,80.91980392156862,,,,,,,8,30,1,5000,0.1
2022,East Karachi,24.8381531,67.067704,4.839411764705881,28.234967320261443,80.91980392156862,,,,,,,9,30,1,5000,0.1
2022,East Karachi,24.8381531,67.067704,4.839411764705881,28.234967320261443,80.91980392156862,,,,,,,10,30,1,5000,0.1
2022,Ghotki,27.9940699,69.3134173,7.449346405228757,30.733529411764703,65.58777777777775,,,,,,,6,30,1,5000,0.15
2022,Ghotki,27.9940699,69.3134173,7.449346405228757,30.733529411764703,65.58777777777775,,,,,,,7,30,1,5000,0.15
2022,Ghotki,27.9940699,69.3134173,7.449346405228757,30.733529411764703,65.58777777777775,,,,,,,8,30,1,5000,0.15
2022,Ghotki,27.9940699,69.3134173,7.449346405228757,30.733529411764703,65.58777777777775,,,,,,,9,30,1,5000,0.15
2022,Ghotki,27.9940699,69.3134173,7.449346405228757,30.733529411764703,65.58777777777775,,,,,,,10,30,1,5000,0.15
2022,Gujranwala,32.1525312,74.1933745,5.461307189542479,29.64908496732024,65.06555555555559,,,,,,,6,30,1,5000,0.11
2022,Gujranwala,32.1525312,74.1933745,5.461307189542479,29.64908496732024,65.06555555555559,,,,,,,7,30,1,5000,0.11
2022,Gujranwala,32.1525312,74.1933745,5.461307189542479,29.64908496732024,65.06555555555559,,,,,,,8,30,1,5000,0.11
2022,Gujranwala,32.1525312,74.1933745,5.461307189542479,29.64908496732024,65.06555555555559,,,,,,,9,30,1,5000,0.11
2022,Gujranwala,32.1525312,74.1933745,5.461307189542479,29.64908496732024,65.06555555555559,,,,,,,10,30,1,5000,0.11
2022,Hafizabad,32.0747607,73.6917596,4.726339869281046,30.03535947712418,62.729281045751634,,,,,,,6,30,1,5000,0.09
2022,Hafizabad,32.0747607,73.6917596,4.726339869281046,30.03535947712418,62.729281045751634,,,,,,,7,30,1,5000,0.09
2022,Hafizabad,32.0747607,73.6917596,4.726339869281046,30.03535947712418,62.729281045751634,,,,,,,8,30,1,5000,0.09
2022,Hafizabad,32.0747607,73.6917596,4.726339869281046,30.03535947712418,62.729281045751634,,,,,,,9,30,1,5000,0.09
2022,Hafizabad,32.0747607,73.6917596,4.726339869281046,30.03535947712418,62.729281045751634,,,,,,,10,30,1,5000,0.09
2022,Hangu,33.527996,71.0575407,3.529673202614379,26.91052287581699,60.105490196078414,,,,,,,6,30,1,5000,0.07
2022,Hangu,33.527996,71.0575407,3.529673202614379,26.91052287581699,60.105490196078414,,,,,,,7,30,1,5000,0.07
2022,Hangu,33.527996,71.0575407,3.529673202614379,26.91052287581699,60.105490196078414,,,,,,,8,30,1,5000,0.07
2022,Hangu,33.527996,71.0575407,3.529673202614379,26.91052287581699,60.105490196078414,,,,,,,9,30,1,5000,0.07
2022,Hangu,33.527996,71.0575407,3.529673202614379,26.91052287581699,60.105490196078414,,,,,,,10,30,1,5000,0.07
2022,Hyderabad,25.4075358,68.3613456,4.917581699346405,29.24660130718955,72.15509803921572,,,,,,,6,30,1,5000,0.1
2022,Hyderabad,25.4075358,68.3613456,4.917581699346405,29.24660130718955,72.15509803921572,,,,,,,7,30,1,5000,0.1
2022,Hyderabad,25.4075358,68.3613456,4.917581699346405,29.24660130718955,72.15509803921572,,,,,,,8,30,1,5000,0.1
2022,Hyderabad,25.4075358,68.3613456,4.917581699346405,29.24660130718955,72.15509803921572,,,,,,,9,30,1,5000,0.1
2022,Hyderabad,25.4075358,68.3613456,4.917581699346405,29.24660130718955,72.15509803921572,,,,,,,10,30,1,5000,0.1
2022,Jacobabad,28.2813094,68.4364361,12.041699346405228,31.014379084967324,63.55235294117649,,,,,,,6,30,1,5000,0.24
2022,Jacobabad,28.2813094,68.4364361,12.041699346405228,31.014379084967324,63.55235294117649,,,,,,,7,30,1,5000,0.24
2022,Jacobabad,28.2813094,68.4364361,12.041699346405228,31.014379084967324,63.55235294117649,,,,,,,8,30,1,5000,0.24
2022,Jacobabad,28.2813094,68.4364361,12.041699346405228,31.014379084967324,63.55235294117649,,,,,,,9,30,1,5000,0.24
2022,Jacobabad,28.2813094,68.4364361,12.041699346405228,31.014379084967324,63.55235294117649,,,,,,,10,30,1,5000,0.24
2022,Jamshoro,25.4688232,68.2650814,4.917581699346405,29.24660130718955,72.15509803921572,,,,,,,6,30,1,5000,0.1
2022,Jamshoro,25.4688232,68.2650814,4.917581699346405,29.24660130718955,72.15509803921572,,,,,,,7,30,1,5000,0.1
2022,Jamshoro,25.4688232,68.2650814,4.917581699346405,29.24660130718955,72.15509803921572,,,,,,,8,30,1,5000,0.1
2022,Jamshoro,25.4688232,68.2650814,4.917581699346405,29.24660130718955,72.15509803921572,,,,,,,9,30,1,5000,0.1
2022,Jamshoro,25.4688232,68.2650814,4.917581699346405,29.24660130718955,72.15509803921572,,,,,,,10,30,1,5000,0.1
2022,Jhal Magsi,28.2818084,67.4522969,9.642614379084966,30.04712418300654,58.229215686274486,,,,,,,6,30,1,5000,0.19
2022,Jhal Magsi,28.2818084,67.4522969,9.642614379084966,30.04712418300654,58.229215686274486,,,,,,,7,30,1,5000,0.19
2022,Jhal Magsi,28.2818084,67.4522969,9.642614379084966,30.04712418300654,58.229215686274486,,,,,,,8,30,1,5000,0.19
2022,Jhal Magsi,28.2818084,67.4522969,9.642614379084966,30.04712418300654,58.229215686274486,,,,,,,9,30,1,5000,0.19
2022,Jhal Magsi,28.2818084,67.4522969,9.642614379084966,30.04712418300654,58.229215686274486,,,,,,,10,30,1,5000,0.19
2022,Jhang,31.2728805,72.3103071,3.621830065359476,31.16718954248368,56.60241830065361,,,,,,,6,30,1,5000,0.07
2022,Jhang,31.2728805,72.3103071,3.621830065359476,31.16718954248368,56.60241830065361,,,,,,,7,30,1,5000,0.07
2022,Jhang,31.2728805,72.3103071,3.621830065359476,31.16718954248368,56.60241830065361,,,,,,,8,30,1,5000,0.07
2022,Jhang,31.2728805,72.3103071,3.621830065359476,31.16718954248368,56.60241830065361,,,,,,,9,30,1,5000,0.07
2022,Jhang,31.2728805,72.3103071,3.621830065359476,31.16718954248368,56.60241830065361,,,,,,,10,30,1,5000,0.07
2022,Kachi,37.0681918,74.9781482,0.4128758169934642,2.5105882352941165,50.86745098039215,,,,,,,6,30,1,5000,0.01
2022,Kachi,37.0681918,74.9781482,0.4128758169934642,2.5105882352941165,50.86745098039215,,,,,,,7,30,1,5000,0.01
2022,Kachi,37.0681918,74.9781482,0.4128758169934642,2.5105882352941165,50.86745098039215,,,,,,,8,30,1,5000,0.01
2022,Kachi,37.0681918,74.9781482,0.4128758169934642,2.5105882352941165,50.86745098039215,,,,,,,9,30,1,5000,0.01
2022,Kachi,37.0681918,74.9781482,0.4128758169934642,2.5105882352941165,50.86745098039215,,,,,,,10,30,1,5000,0.01
2022,Kalat,29.029138,66.5887761,4.1129411764705885,21.36915032679739,53.10326797385621,,,,,,,6,30,1,5000,0.08
2022,Kalat,29.029138,66.5887761,4.1129411764705885,21.36915032679739,53.10326797385621,,,,,,,7,30,1,5000,0.08
2022,Kalat,29.029138,66.5887761,4.1129411764705885,21.36915032679739,53.10326797385621,,,,,,,8,30,1,5000,0.08
2022,Kalat,29.029138,66.5887761,4.1129411764705885,21.36915032679739,53.10326797385621,,,,,,,9,30,1,5000,0.08
2022,Kalat,29.029138,66.5887761,4.1129411764705885,21.36915032679739,53.10326797385621,,,,,,,10,30,1,5000,0.08
2022,Kambar Shahdadkot,27.6002043,68.0277649,8.017516339869282,30.887908496732027,65.0266666666667,,,,,,,6,30,1,5000,0.16
2022,Kambar Shahdadkot,27.6002043,68.0277649,8.017516339869282,30.887908496732027,65.0266666666667,,,,,,,7,30,1,5000,0.16
2022,Kambar Shahdadkot,27.6002043,68.0277649,8.017516339869282,30.887908496732027,65.0266666666667,,,,,,,8,30,1,5000,0.16
2022,Kambar Shahdadkot,27.6002043,68.0277649,8.017516339869282,30.887908496732027,65.0266666666667,,,,,,,9,30,1,5000,0.16
2022,Kambar Shahdadkot,27.6002043,68.0277649,8.017516339869282,30.887908496732027,65.0266666666667,,,,,,,10,30,1,5000,0.16
2022,Kashmore,28.4322915,69.5814755,8.700653594771241,30.661960784313724,64.12379084967321,,,,,,,6,30,1,5000,0.17
2022,Kashmore,28.4322915,69.5814755,8.700653594771241,30.661960784313724,64.12379084967321,,,,,,,7,30,1,5000,0.17
2022,Kashmore,28.4322915,69.5814755,8.700653594771241,30.661960784313724,64.12379084967321,,,,,,,8,30,1,5000,0.17
2022,Kashmore,28.4322915,69.5814755,8.700653594771241,30.661960784313724,64.12379084967321,,,,,,,9,30,1,5000,0.17
2022,Kashmore,28.4322915,69.5814755,8.700653594771241,30.661960784313724,64.12379084967321,,,,,,,10,30,1,5000,0.17
2022,Khairpur,27.5204873,68.7383149,9.760718954248368,30.530196078431374,66.93294117647058,,,,,,,6,30,1,5000,0.2
2022,Khairpur,27.5204873,68.7383149,9.760718954248368,30.530196078431374,66.93294117647058,,,,,,,7,30,1,5000,0.2
2022,Khairpur,27.5204873,68.7383149,9.760718954248368,30.530196078431374,66.93294117647058,,,,,,,8,30,1,5000,0.2
2022,Khairpur,27.5204873,68.7383149,9.760718954248368,30.530196078431374,66.93294117647058,,,,,,,9,30,1,5000,0.2
2022,Khairpur,27.5204873,68.7383149,9.760718954248368,30.530196078431374,66.93294117647058,,,,,,,10,30,1,5000,0.2
2022,Khanewal,30.3022528,71.9278916,3.014967320261438,31.74712418300652,55.36660130718951,,,,,,,6,30,1,5000,0.06
2022,Khanewal,30.3022528,71.9278916,3.014967320261438,31.74712418300652,55.36660130718951,,,,,,,7,30,1,5000,0.06
2022,Khanewal,30.3022528,71.9278916,3.014967320261438,31.74712418300652,55.36660130718951,,,,,,,8,30,1,5000,0.06
2022,Khanewal,30.3022528,71.9278916,3.014967320261438,31.74712418300652,55.36660130718951,,,,,,,9,30,1,5000,0.06
2022,Khanewal,30.3022528,71.9278916,3.014967320261438,31.74712418300652,55.36660130718951,,,,,,,10,30,1,5000,0.06
2022,Kharan,28.5807325,65.4207071,2.447712418300654,26.937058823529423,39.86960784313728,,,,,,,6,30,1,5000,0.05
2022,Kharan,28.5807325,65.4207071,2.447712418300654,26.937058823529423,39.86960784313728,,,,,,,7,30,1,5000,0.05
2022,Kharan,28.5807325,65.4207071,2.447712418300654,26.937058823529423,39.86960784313728,,,,,,,8,30,1,5000,0.05
2022,Kharan,28.5807325,65.4207071,2.447712418300654,26.937058823529423,39.86960784313728,,,,,,,9,30,1,5000,0.05
2022,Kharan,28.5807325,65.4207071,2.447712418300654,26.937058823529423,39.86960784313728,,,,,,,10,30,1,5000,0.05
2022,Khushab,32.2903666,72.3515792,4.673006535947709,29.016274509803925,62.54058823529414,,,,,,,6,30,1,5000,0.09
2022,Khushab,32.2903666,72.3515792,4.673006535947709,29.016274509803925,62.54058823529414,,,,,,,7,30,1,5000,0.09
2022,Khushab,32.2903666,72.3515792,4.673006535947709,29.016274509803925,62.54058823529414,,,,,,,8,30,1,5000,0.09
2022,Khushab,32.2903666,72.3515792,4.673006535947709,29.016274509803925,62.54058823529414,,,,,,,9,30,1,5000,0.09
2022,Khushab,32.2903666,72.3515792,4.673006535947709,29.016274509803925,62.54058823529414,,,,,,,10,30,1,5000,0.09
2022,Kohistan,32.5118808,74.5181208,6.894052287581697,29.282156862745097,66.47986928104575,,,,,,,6,30,1,5000,0.14
2022,Kohistan,32.5118808,74.5181208,6.894052287581697,29.282156862745097,66.47986928104575,,,,,,,7,30,1,5000,0.14
2022,Kohistan,32.5118808,74.5181208,6.894052287581697,29.282156862745097,66.47986928104575,,,,,,,8,30,1,5000,0.14
2022,Kohistan,32.5118808,74.5181208,6.894052287581697,29.282156862745097,66.47986928104575,,,,,,,9,30,1,5000,0.14
2022,Kohistan,32.5118808,74.5181208,6.894052287581697,29.282156862745097,66.47986928104575,,,,,,,10,30,1,5000,0.14
2022,Korangi Karachi,24.8024234,67.1161632,4.839411764705881,28.234967320261443,80.91980392156862,,,,,,,6,30,1,5000,0.1
2022,Korangi Karachi,24.8024234,67.1161632,4.839411764705881,28.234967320261443,80.91980392156862,,,,,,,7,30,1,5000,0.1
2022,Korangi Karachi,24.8024234,67.1161632,4.839411764705881,28.234967320261443,80.91980392156862,,,,,,,8,30,1,5000,0.1
2022,Korangi Karachi,24.8024234,67.1161632,4.839411764705881,28.234967320261443,80.91980392156862,,,,,,,9,30,1,5000,0.1
2022,Korangi Karachi,24.8024234,67.1161632,4.839411764705881,28.234967320261443,80.91980392156862,,,,,,,10,30,1,5000,0.1
2022,Kurram,33.6888492,70.3855522,2.833464052287583,24.028758169934623,57.55196078431373,,,,,,,6,30,1,5000,0.06
2022,Kurram,33.6888492,70.3855522,2.833464052287583,24.028758169934623,57.55196078431373,,,,,,,7,30,1,5000,0.06
2022,Kurram,33.6888492,70.3855522,2.833464052287583,24.028758169934623,57.55196078431373,,,,,,,8,30,1,5000,0.06
2022,Kurram,33.6888492,70.3855522,2.833464052287583,24.028758169934623,57.55196078431373,,,,,,,9,30,1,5000,0.06
2022,Kurram,33.6888492,70.3855522,2.833464052287583,24.028758169934623,57.55196078431373,,,,,,,10,30,1,5000,0.06
2022,Lakki Marwat,32.6056744,70.9113526,3.393464052287581,29.1345751633987,55.78411764705882,,,,,,,6,30,1,5000,0.07
2022,Lakki Marwat,32.6056744,70.9113526,3.393464052287581,29.1345751633987,55.78411764705882,,,,,,,7,30,1,5000,0.07
2022,Lakki Marwat,32.6056744,70.9113526,3.393464052287581,29.1345751633987,55.78411764705882,,,,,,,8,30,1,5000,0.07
2022,Lakki Marwat,32.6056744,70.9113526,3.393464052287581,29.1345751633987,55.78411764705882,,,,,,,9,30,1,5000,0.07
2022,Lakki Marwat,32.6056744,70.9113526,3.393464052287581,29.1345751633987,55.78411764705882,,,,,,,10,30,1,5000,0.07
2022,Larkana,27.5564798,68.2101509,8.017516339869282,30.887908496732027,65.0266666666667,,,,,,,6,30,1,5000,0.16
2022,Larkana,27.5564798,68.2101509,8.017516339869282,30.887908496732027,65.0266666666667,,,,,,,7,30,1,5000,0.16
2022,Larkana,27.5564798,68.2101509,8.017516339869282,30.887908496732027,65.0266666666667,,,,,,,8,30,1,5000,0.16
2022,Larkana,27.5564798,68.2101509,8.017516339869282,30.887908496732027,65.0266666666667,,,,,,,9,30,1,5000,0.16
2022,Larkana,27.5564798,68.2101509,8.017516339869282,30.887908496732027,65.0266666666667,,,,,,,10,30,1,5000,0.16
2022,Lasbela,25.7046292,66.6081782,4.897516339869278,27.748888888888896,79.81346405228756,,,,,,,6,30,1,5000,0.1
2022,Lasbela,25.7046292,66.6081782,4.897516339869278,27.748888888888896,79.81346405228756,,,,,,,7,30,1,5000,0.1
2022,Lasbela,25.7046292,66.6081782,4.897516339869278,27.748888888888896,79.81346405228756,,,,,,,8,30,1,5000,0.1
2022,Lasbela,25.7046292,66.6081782,4.897516339869278,27.748888888888896,79.81346405228756,,,,,,,9,30,1,5000,0.1
2022,Lasbela,25.7046292,66.6081782,4.897516339869278,27.748888888888896,79.81346405228756,,,,,,,10,30,1,5000,0.1
2022,Layyah,30.9681007,70.9433836,3.171241830065359,32.0048366013072,52.23954248366013,,,,,,,6,30,1,5000,0.06
2022,Layyah,30.9681007,70.9433836,3.171241830065359,32.0048366013072,52.23954248366013,,,,,,,7,30,1,5000,0.06
2022,Layyah,30.9681007,70.9433836,3.171241830065359,32.0048366013072,52.23954248366013,,,,,,,8,30,1,5000,0.06
2022,Layyah,30.9681007,70.9433836,3.171241830065359,32.0048366013072,52.23954248366013,,,,,,,9,30,1,5000,0.06
2022,Layyah,30.9681007,70.9433836,3.171241830065359,32.0048366013072,52.23954248366013,,,,,,,10,30,1,5000,0.06
2022,Lodhran,29.5390395,71.6344196,2.677516339869282,31.861437908496733,54.18183006535948,,,,,,,6,30,1,5000,0.05
2022,Lodhran,29.5390395,71.6344196,2.677516339869282,31.861437908496733,54.18183006535948,,,,,,,7,30,1,5000,0.05
2022,Lodhran,29.5390395,71.6344196,2.677516339869282,31.861437908496733,54.18183006535948,,,,,,,8,30,1,5000,0.05
2022,Lodhran,29.5390395,71.6344196,2.677516339869282,31.861437908496733,54.18183006535948,,,,,,,9,30,1,5000,0.05
2022,Lodhran,29.5390395,71.6344196,2.677516339869282,31.861437908496733,54.18183006535948,,,,,,,10,30,1,5000,0.05
2022,Loralai,30.366865,68.6000654,3.3664705882352943,22.92803921568627,55.8702614379085,,,,,,,6,30,1,5000,0.07
2022,Loralai,30.366865,68.6000654,3.3664705882352943,22.92803921568627,55.8702614379085,,,,,,,7,30,1,5000,0.07
2022,Loralai,30.366865,68.6000654,3.3664705882352943,22.92803921568627,55.8702614379085,,,,,,,8,30,1,5000,0.07
2022,Loralai,30.366865,68.6000654,3.3664705882352943,22.92803921568627,55.8702614379085,,,,,,,9,30,1,5000,0.07
2022,Loralai,30.366865,68.6000654,3.3664705882352943,22.92803921568627,55.8702614379085,,,,,,,10,30,1,5000,0.07
2022,Lower Dir,34.8450852,71.8795222,3.78549019607843,20.24803921568628,65.35522875816994,,,,,,,6,30,1,5000,0.08
2022,Lower Dir,34.8450852,71.8795222,3.78549019607843,20.24803921568628,65.35522875816994,,,,,,,7,30,1,5000,0.08
2022,Lower Dir,34.8450852,71.8795222,3.78549019607843,20.24803921568628,65.35522875816994,,,,,,,8,30,1,5000,0.08
2022,Lower Dir,34.8450852,71.8795222,3.78549019607843,20.24803921568628,65.35522875816994,,,,,,,9,30,1,5000,0.08
2022,Lower Dir,34.8450852,71.8795222,3.78549019607843,20.24803921568628,65.35522875816994,,,,,,,10,30,1,5000,0.08
2022,Malir Karachi,24.889349,67.1808068,4.839411764705881,28.234967320261443,80.91980392156862,,,,,,,6,30,1,5000,0.1
2022,Malir Karachi,24.889349,67.1808068,4.839411764705881,28.234967320261443,80.91980392156862,,,,,,,7,30,1,5000,0.1
2022,Malir Karachi,24.889349,67.1808068,4.839411764705881,28.234967320261443,80.91980392156862,,,,,,,8,30,1,5000,0.1
2022,Malir Karachi,24.889349,67.1808068,4.839411764705881,28.234967320261443,80.91980392156862,,,,,,,9,30,1,5000,0.1
2022,Malir Karachi,24.889349,67.1808068,4.839411764705881,28.234967320261443,80.91980392156862,,,,,,,10,30,1,5000,0.1
2022,Matiari,25.5971858,68.4454874,4.978431372549019,29.86183006535949,71.07235294117655,,,,,,,6,30,1,5000,0.1
2022,Matiari,25.5971858,68.4454874,4.978431372549019,29.86183006535949,71.07235294117655,,,,,,,7,30,1,5000,0.1
2022,Matiari,25.5971858,68.4454874,4.978431372549019,29.86183006535949,71.07235294117655,,,,,,,8,30,1,5000,0.1
2022,Matiari,25.5971858,68.4454874,4.978431372549019,29.86183006535949,71.07235294117655,,,,,,,9,30,1,5000,0.1
2022,Matiari,25.5971858,68.4454874,4.978431372549019,29.86183006535949,71.07235294117655,,,,,,,10,30,1,5000,0.1
2022,Mianwali,32.5793897,71.5353168,3.759411764705881,30.47718954248365,57.46013071895426,,,,,,,6,30,1,5000,0.08
2022,Mianwali,32.5793897,71.5353168,3.759411764705881,30.47718954248365,57.46013071895426,,,,,,,7,30,1,5000,0.08
2022,Mianwali,32.5793897,71.5353168,3.759411764705881,30.47718954248365,57.46013071895426,,,,,,,8,30,1,5000,0.08
2022,Mianwali,32.5793897,71.5353168,3.759411764705881,30.47718954248365,57.46013071895426,,,,,,,9,30,1,5000,0.08
2022,Mianwali,32.5793897,71.5353168,3.759411764705881,30.47718954248365,57.46013071895426,,,,,,,10,30,1,5000,0.08
2022,Mirpur Khas,25.5263882,69.0112387,4.978431372549019,29.86183006535949,71.07235294117655,,,,,,,6,30,1,5000,0.1
2022,Mirpur Khas,25.5263882,69.0112387,4.978431372549019,29.86183006535949,71.07235294117655,,,,,,,7,30,1,5000,0.1
2022,Mirpur Khas,25.5263882,69.0112387,4.978431372549019,29.86183006535949,71.07235294117655,,,,,,,8,30,1,5000,0.1
2022,Mirpur Khas,25.5263882,69.0112387,4.978431372549019,29.86183006535949,71.07235294117655,,,,,,,9,30,1,5000,0.1
2022,Mirpur Khas,25.5263882,69.0112387,4.978431372549019,29.86183006535949,71.07235294117655,,,,,,,10,30,1,5000,0.1
2022,Multan,30.197838,71.4719683,2.919084967320262,31.84568627450981,55.15679738562096,,,,,,,6,30,1,5000,0.06
2022,Multan,30.197838,71.4719683,2.919084967320262,31.84568627450981,55.15679738562096,,,,,,,7,30,1,5000,0.06
2022,Multan,30.197838,71.4719683,2.919084967320262,31.84568627450981,55.15679738562096,,,,,,,8,30,1,5000,0.06
2022,Multan,30.197838,71.4719683,2.919084967320262,31.84568627450981,55.15679738562096,,,,,,,9,30,1,5000,0.06
2022,Multan,30.197838,71.4719683,2.919084967320262,31.84568627450981,55.15679738562096,,,,,,,10,30,1,5000,0.06
2022,Musakhel,30.8913024,69.9459207,2.882549019607844,24.87424836601306,57.600980392156856,,,,,,,6,30,1,5000,0.06
2022,Musakhel,30.8913024,69.9459207,2.882549019607844,24.87424836601306,57.600980392156856,,,,,,,7,30,1,5000,0.06
2022,Musakhel,30.8913024,69.9459207,2.882549019607844,24.87424836601306,57.600980392156856,,,,,,,8,30,1,5000,0.06
2022,Musakhel,30.8913024,69.9459207,2.882549019607844,24.87424836601306,57.600980392156856,,,,,,,9,30,1,5000,0.06
2022,Musakhel,30.8913024,69.9459207,2.882549019607844,24.87424836601306,57.600980392156856,,,,,,,10,30,1,5000,0.06
2022,Muzaffargarh,30.0743097,71.1906224,2.919084967320262,31.84568627450981,55.15679738562096,,,,,,,6,30,1,5000,0.06
2022,Muzaffargarh,30.0743097,71.1906224,2.919084967320262,31.84568627450981,55.15679738562096,,,,,,,7,30,1,5000,0.06
2022,Muzaffargarh,30.0743097,71.1906224,2.919084967320262,31.84568627450981,55.15679738562096,,,,,,,8,30,1,5000,0.06
2022,Muzaffargarh,30.0743097,71.1906224,2.919084967320262,31.84568627450981,55.15679738562096,,,,,,,9,30,1,5000,0.06
2022,Muzaffargarh,30.0743097,71.1906224,2.919084967320262,31.84568627450981,55.15679738562096,,,,,,,10,30,1,5000,0.06
2022,Naseerabad,24.9326064,67.0741284,4.839411764705881,28.234967320261443,80.91980392156862,,,,,,,6,30,1,5000,0.1
2022,Naseerabad,24.9326064,67.0741284,4.839411764705881,28.234967320261443,80.91980392156862,,,,,,,7,30,1,5000,0.1
2022,Naseerabad,24.9326064,67.0741284,4.839411764705881,28.234967320261443,80.91980392156862,,,,,,,8,30,1,5000,0.1
2022,Naseerabad,24.9326064,67.0741284,4.839411764705881,28.234967320261443,80.91980392156862,,,,,,,9,30,1,5000,0.1
2022,Naseerabad,24.9326064,67.0741284,4.839411764705881,28.234967320261443,80.91980392156862,,,,,,,10,30,1,5000,0.1
2022,Naushehro Feroze,26.8348754,68.1278627,7.39954248366013,30.64522875816993,66.4851633986928,,,,,,,6,30,1,5000,0.15
2022,Naushehro Feroze,26.8348754,68.1278627,7.39954248366013,30.64522875816993,66.4851633986928,,,,,,,7,30,1,5000,0.15
2022,Naushehro Feroze,26.8348754,68.1278627,7.39954248366013,30.64522875816993,66.4851633986928,,,,,,,8,30,1,5000,0.15
2022,Naushehro Feroze,26.8348754,68.1278627,7.39954248366013,30.64522875816993,66.4851633986928,,,,,,,9,30,1,5000,0.15
2022,Naushehro Feroze,26.8348754,68.1278627,7.39954248366013,30.64522875816993,66.4851633986928,,,,,,,10,30,1,5000,0.15
2022,Nowshera,34.0155606,71.981283,4.869150326797386,28.150522875817003,62.47078431372548,,,,,,,6,30,1,5000,0.1
2022,Nowshera,34.0155606,71.981283,4.869150326797386,28.150522875817003,62.47078431372548,,,,,,,7,30,1,5000,0.1
2022,Nowshera,34.0155606,71.981283,4.869150326797386,28.150522875817003,62.47078431372548,,,,,,,8,30,1,5000,0.1
2022,Nowshera,34.0155606,71.981283,4.869150326797386,28.150522875817003,62.47078431372548,,,,,,,9,30,1,5000,0.1
2022,Nowshera,34.0155606,71.981283,4.869150326797386,28.150522875817003,62.47078431372548,,,,,,,10,30,1,5000,0.1
2022,Okara,30.8091281,73.4493301,3.6184313725490167,30.91901960784312,57.176601307189536,,,,,,,6,30,1,5000,0.07
2022,Okara,30.8091281,73.4493301,3.6184313725490167,30.91901960784312,57.176601307189536,,,,,,,7,30,1,5000,0.07
2022,Okara,30.8091281,73.4493301,3.6184313725490167,30.91901960784312,57.176601307189536,,,,,,,8,30,1,5000,0.07
2022,Okara,30.8091281,73.4493301,3.6184313725490167,30.91901960784312,57.176601307189536,,,,,,,9,30,1,5000,0.07
2022,Okara,30.8091281,73.4493301,3.6184313725490167,30.91901960784312,57.176601307189536,,,,,,,10,30,1,5000,0.07
2022,Peshawar,34.0123846,71.5787458,4.869150326797386,28.150522875817003,62.47078431372548,,,,,,,6,30,1,5000,0.1
2022,Peshawar,34.0123846,71.5787458,4.869150326797386,28.150522875817003,62.47078431372548,,,,,,,7,30,1,5000,0.1
2022,Peshawar,34.0123846,71.5787458,4.869150326797386,28.150522875817003,62.47078431372548,,,,,,,8,30,1,5000,0.1
2022,Peshawar,34.0123846,71.5787458,4.869150326797386,28.150522875817003,62.47078431372548,,,,,,,9,30,1,5000,0.1
2022,Peshawar,34.0123846,71.5787458,4.869150326797386,28.150522875817003,62.47078431372548,,,,,,,10,30,1,5000,0.1
2022,Rahim Yar Khan,28.4225413,70.3034237,5.868496732026145,30.723856209150345,64.45509803921571,,,,,,,6,30,1,5000,0.12
2022,Rahim Yar Khan,28.4225413,70.3034237,5.868496732026145,30.723856209150345,64.45509803921571,,,,,,,7,30,1,5000,0.12
2022,Rahim Yar Khan,28.4225413,70.3034237,5.868496732026145,30.723856209150345,64.45509803921571,,,,,,,8,30,1,5000,0.12
2022,Rahim Yar Khan,28.4225413,70.3034237,5.868496732026145,30.723856209150345,64.45509803921571,,,,,,,9,30,1,5000,0.12
2022,Rahim Yar Khan,28.4225413,70.3034237,5.868496732026145,30.723856209150345,64.45509803921571,,,,,,,10,30,1,5000,0.12
2022,Rajanpur,29.1002542,70.3378699,4.019215686274509,31.13921568627449,60.837973856209146,,,,,,,6,30,1,5000,0.08
2022,Rajanpur,29.1002542,70.3378699,4.019215686274509,31.13921568627449,60.837973856209146,,,,,,,7,30,1,5000,0.08
2022,Rajanpur,29.1002542,70.3378699,4.019215686274509,31.13921568627449,60.837973856209146,,,,,,,8,30,1,5000,0.08
2022,Rajanpur,29.1002542,70.3378699,4.019215686274509,31.13921568627449,60.837973856209146,,,,,,,9,30,1,5000,0.08
2022,Rajanpur,29.1002542,70.3378699,4.019215686274509,31.13921568627449,60.837973856209146,,,,,,,10,30,1,5000,0.08
2022,Sanghar,26.0470447,68.9492402,5.414771241830065,30.15699346405229,69.65058823529412,,,,,,,6,30,1,5000,0.11
2022,Sanghar,26.0470447,68.9492402,5.414771241830065,30.15699346405229,69.65058823529412,,,,,,,7,30,1,5000,0.11
2022,Sanghar,26.0470447,68.9492402,5.414771241830065,30.15699346405229,69.65058823529412,,,,,,,8,30,1,5000,0.11
2022,Sanghar,26.0470447,68.9492402,5.414771241830065,30.15699346405229,69.65058823529412,,,,,,,9,30,1,5000,0.11
2022,Sanghar,26.0470447,68.9492402,5.414771241830065,30.15699346405229,69.65058823529412,,,,,,,10,30,1,5000,0.11
2022,Sargodha,32.0836514,72.676461,4.001503267973853,30.931372549019603,58.27150326797386,,,,,,,6,30,1,5000,0.08
2022,Sargodha,32.0836514,72.676461,4.001503267973853,30.931372549019603,58.27150326797386,,,,,,,7,30,1,5000,0.08
2022,Sargodha,32.0836514,72.676461,4.001503267973853,30.931372549019603,58.27150326797386,,,,,,,8,30,1,5000,0.08
2022,Sargodha,32.0836514,72.676461,4.001503267973853,30.931372549019603,58.27150326797386,,,,,,,9,30,1,5000,0.08
2022,Sargodha,32.0836514,72.676461,4.001503267973853,30.931372549019603,58.27150326797386,,,,,,,10,30,1,5000,0.08
2022,Shaheed Benazirabad,26.6425644,67.9931727,6.596143790849674,30.422549019607843,67.70993464052287,,,,,,,6,30,1,5000,0.13
2022,Shaheed Benazirabad,26.6425644,67.9931727,6.596143790849674,30.422549019607843,67.70993464052287,,,,,,,7,30,1,5000,0.13
2022,Shaheed Benazirabad,26.6425644,67.9931727,6.596143790849674,30.422549019607843,67.70993464052287,,,,,,,8,30,1,5000,0.13
2022,Shaheed Benazirabad,26.6425644,67.9931727,6.596143790849674,30.422549019607843,67.70993464052287,,,,,,,9,30,1,5000,0.13
2022,Shaheed Benazirabad,26.6425644,67.9931727,6.596143790849674,30.422549019607843,67.70993464052287,,,,,,,10,30,1,5000,0.13
2022,Shangla,34.956944,72.848056,4.03888888888889,15.276209150326792,72.35882352941178,,,,,,,6,30,1,5000,0.08
2022,Shangla,34.956944,72.848056,4.03888888888889,15.276209150326792,72.35882352941178,,,,,,,7,30,1,5000,0.08
2022,Shangla,34.956944,72.848056,4.03888888888889,15.276209150326792,72.35882352941178,,,,,,,8,30,1,5000,0.08
2022,Shangla,34.956944,72.848056,4.03888888888889,15.276209150326792,72.35882352941178,,,,,,,9,30,1,5000,0.08
2022,Shangla,34.956944,72.848056,4.03888888888889,15.276209150326792,72.35882352941178,,,,,,,10,30,1,5000,0.08
2022,Sheikhupura,31.7085285,73.9864014,3.77967320261438,30.682810457516347,58.429019607843095,,,,,,,6,30,1,5000,0.08
2022,Sheikhupura,31.7085285,73.9864014,3.77967320261438,30.682810457516347,58.429019607843095,,,,,,,7,30,1,5000,0.08
2022,Sheikhupura,31.7085285,73.9864014,3.77967320261438,30.682810457516347,58.429019607843095,,,,,,,8,30,1,5000,0.08
2022,Sheikhupura,31.7085285,73.9864014,3.77967320261438,30.682810457516347,58.429019607843095,,,,,,,9,30,1,5000,0.08
2022,Sheikhupura,31.7085285,73.9864014,3.77967320261438,30.682810457516347,58.429019607843095,,,,,,,10,30,1,5000,0.08
2022,Shikarpur,27.9579085,68.6467484,11.943594771241829,30.854379084967302,65.60882352941178,,,,,,,6,30,1,5000,0.24
2022,Shikarpur,27.9579085,68.6467484,11.943594771241829,30.854379084967302,65.60882352941178,,,,,,,7,30,1,5000,0.24
2022,Shikarpur,27.9579085,68.6467484,11.943594771241829,30.854379084967302,65.60882352941178,,,,,,,8,30,1,5000,0.24
2022,Shikarpur,27.9579085,68.6467484,11.943594771241829,30.854379084967302,65.60882352941178,,,,,,,9,30,1,5000,0.24
2022,Shikarpur,27.9579085,68.6467484,11.943594771241829,30.854379084967302,65.60882352941178,,,,,,,10,30,1,5000,0.24
2022,Sibi,29.5500097,67.8833398,6.525882352941177,29.656535947712417,59.50549019607845,,,,,,,6,30,1,5000,0.13
2022,Sibi,29.5500097,67.8833398,6.525882352941177,29.656535947712417,59.50549019607845,,,,,,,7,30,1,5000,0.13
2022,Sibi,29.5500097,67.8833398,6.525882352941177,29.656535947712417,59.50549019607845,,,,,,,8,30,1,5000,0.13
2022,Sibi,29.5500097,67.8833398,6.525882352941177,29.656535947712417,59.50549019607845,,,,,,,9,30,1,5000,0.13
2022,Sibi,29.5500097,67.8833398,6.525882352941177,29.656535947712417,59.50549019607845,,,,,,,10,30,1,5000,0.13
2022,Sohbatpur,28.5181349,68.5435959,12.309084967320262,31.000784313725507,63.151895424836624,,,,,,,6,30,1,5000,0.25
2022,Sohbatpur,28.5181349,68.5435959,12.309084967320262,31.000784313725507,63.151895424836624,,,,,,,7,30,1,5000,0.25
2022,Sohbatpur,28.5181349,68.5435959,12.309084967320262,31.000784313725507,63.151895424836624,,,,,,,8,30,1,5000,0.25
2022,Sohbatpur,28.5181349,68.5435959,12.309084967320262,31.000784313725507,63.151895424836624,,,,,,,9,30,1,5000,0.25
2022,Sohbatpur,28.5181349,68.5435959,12.309084967320262,31.000784313725507,63.151895424836624,,,,,,,10,30,1,5000,0.25
2022,South Karachi,24.8726942,67.0159333,4.839411764705881,28.234967320261443,80.91980392156862,,,,,,,6,30,1,5000,0.1
2022,South Karachi,24.8726942,67.0159333,4.839411764705881,28.234967320261443,80.91980392156862,,,,,,,7,30,1,5000,0.1
2022,South Karachi,24.8726942,67.0159333,4.839411764705881,28.234967320261443,80.91980392156862,,,,,,,8,30,1,5000,0.1
2022,South Karachi,24.8726942,67.0159333,4.839411764705881,28.234967320261443,80.91980392156862,,,,,,,9,30,1,5000,0.1
2022,South Karachi,24.8726942,67.0159333,4.839411764705881,28.234967320261443,80.91980392156862,,,,,,,10,30,1,5000,0.1
2022,Sujawal,24.603377,68.0789001,5.47437908496732,29.21830065359477,74.33732026143784,,,,,,,6,30,1,5000,0.11
2022,Sujawal,24.603377,68.0789001,5.47437908496732,29.21830065359477,74.33732026143784,,,,,,,7,30,1,5000,0.11
2022,Sujawal,24.603377,68.0789001,5.47437908496732,29.21830065359477,74.33732026143784,,,,,,,8,30,1,5000,0.11
2022,Sujawal,24.603377,68.0789001,5.47437908496732,29.21830065359477,74.33732026143784,,,,,,,9,30,1,5000,0.11
2022,Sujawal,24.603377,68.0789001,5.47437908496732,29.21830065359477,74.33732026143784,,,,,,,10,30,1,5000,0.11
2022,Sukkur,27.7004292,68.8664623,9.760718954248368,30.530196078431374,66.93294117647058,,,,,,,6,30,1,5000,0.2
2022,Sukkur,27.7004292,68.8664623,9.760718954248368,30.530196078431374,66.93294117647058,,,,,,,7,30,1,5000,0.2
2022,Sukkur,27.7004292,68.8664623,9.760718954248368,30.530196078431374,66.93294117647058,,,,,,,8,30,1,5000,0.2
2022,Sukkur,27.7004292,68.8664623,9.760718954248368,30.530196078431374,66.93294117647058,,,,,,,9,30,1,5000,0.2
2022,Sukkur,27.7004292,68.8664623,9.760718954248368,30.530196078431374,66.93294117647058,,,,,,,10,30,1,5000,0.2
2022,Swat,34.3192278,71.5902939,4.458169934640526,26.715032679738552,61.96960784313727,,,,,,,6,30,1,5000,0.09
2022,Swat,34.3192278,71.5902939,4.458169934640526,26.715032679738552,61.96960784313727,,,,,,,7,30,1,5000,0.09
2022,Swat,34.3192278,71.5902939,4.458169934640526,26.715032679738552,61.96960784313727,,,,,,,8,30,1,5000,0.09
2022,Swat,34.3192278,71.5902939,4.458169934640526,26.715032679738552,61.96960784313727,,,,,,,9,30,1,5000,0.09
2022,Swat,34.3192278,71.5902939,4.458169934640526,26.715032679738552,61.96960784313727,,,,,,,10,30,1,5000,0.09
2022,Tando Allahyar,25.4619907,68.7198264,4.978431372549019,29.86183006535949,71.07235294117655,,,,,,,6,30,1,5000,0.1
2022,Tando Allahyar,25.4619907,68.7198264,4.978431372549019,29.86183006535949,71.07235294117655,,,,,,,7,30,1,5000,0.1
2022,Tando Allahyar,25.4619907,68.7198264,4.978431372549019,29.86183006535949,71.07235294117655,,,,,,,8,30,1,5000,0.1
2022,Tando Allahyar,25.4619907,68.7198264,4.978431372549019,29.86183006535949,71.07235294117655,,,,,,,9,30,1,5000,0.1
2022,Tando Allahyar,25.4619907,68.7198264,4.978431372549019,29.86183006535949,71.07235294117655,,,,,,,10,30,1,5000,0.1
2022,Tando Muhammad Khan,25.1229909,68.5342517,4.84777777777778,29.77751633986927,71.20333333333332,,,,,,,6,30,1,5000,0.1
2022,Tando Muhammad Khan,25.1229909,68.5342517,4.84777777777778,29.77751633986927,71.20333333333332,,,,,,,7,30,1,5000,0.1
2022,Tando Muhammad Khan,25.1229909,68.5342517,4.84777777777778,29.77751633986927,71.20333333333332,,,,,,,8,30,1,5000,0.1
2022,Tando Muhammad Khan,25.1229909,68.5342517,4.84777777777778,29.77751633986927,71.20333333333332,,,,,,,9,30,1,5000,0.1
2022,Tando Muhammad Khan,25.1229909,68.5342517,4.84777777777778,29.77751633986927,71.20333333333332,,,,,,,10,30,1,5000,0.1
2022,Tank,32.2096916,70.3881146,3.3574509803921564,30.933594771241815,54.361960784313695,,,,,,,6,30,1,5000,0.07
2022,Tank,32.2096916,70.3881146,3.3574509803921564,30.933594771241815,54.361960784313695,,,,,,,7,30,1,5000,0.07
2022,Tank,32.2096916,70.3881146,3.3574509803921564,30.933594771241815,54.361960784313695,,,,,,,8,30,1,5000,0.07
2022,Tank,32.2096916,70.3881146,3.3574509803921564,30.933594771241815,54.361960784313695,,,,,,,9,30,1,5000,0.07
2022,Tank,32.2096916,70.3881146,3.3574509803921564,30.933594771241815,54.361960784313695,,,,,,,10,30,1,5000,0.07
2022,Tharparkar,24.9418159,70.2397391,5.081307189542484,29.81169934640524,67.52464052287581,,,,,,,6,30,1,5000,0.1
2022,Tharparkar,24.9418159,70.2397391,5.081307189542484,29.81169934640524,67.52464052287581,,,,,,,7,30,1,5000,0.1
2022,Tharparkar,24.9418159,70.2397391,5.081307189542484,29.81169934640524,67.52464052287581,,,,,,,8,30,1,5000,0.1
2022,Tharparkar,24.9418159,70.2397391,5.081307189542484,29.81169934640524,67.52464052287581,,,,,,,9,30,1,5000,0.1
2022,Tharparkar,24.9418159,70.2397391,5.081307189542484,29.81169934640524,67.52464052287581,,,,,,,10,30,1,5000,0.1
2022,Thatta,33.4326873,73.0343187,7.88313725490196,27.261437908496728,67.79901960784322,,,,,,,6,30,1,5000,0.16
2022,Thatta,33.4326873,73.0343187,7.88313725490196,27.261437908496728,67.79901960784322,,,,,,,7,30,1,5000,0.16
2022,Thatta,33.4326873,73.0343187,7.88313725490196,27.261437908496728,67.79901960784322,,,,,,,8,30,1,5000,0.16
2022,Thatta,33.4326873,73.0343187,7.88313725490196,27.261437908496728,67.79901960784322,,,,,,,9,30,1,5000,0.16
2022,Thatta,33.4326873,73.0343187,7.88313725490196,27.261437908496728,67.79901960784322,,,,,,,10,30,1,5000,0.16
2022,Umer Kot,31.508082,73.6864539,3.77967320261438,30.682810457516347,58.429019607843095,,,,,,,6,30,1,5000,0.08
2022,Umer Kot,31.508082,73.6864539,3.77967320261438,30.682810457516347,58.429019607843095,,,,,,,7,30,1,5000,0.08
2022,Umer Kot,31.508082,73.6864539,3.77967320261438,30.682810457516347,58.429019607843095,,,,,,,8,30,1,5000,0.08
2022,Umer Kot,31.508082,73.6864539,3.77967320261438,30.682810457516347,58.429019607843095,,,,,,,9,30,1,5000,0.08
2022,Umer Kot,31.508082,73.6864539,3.77967320261438,30.682810457516347,58.429019607843095,,,,,,,10,30,1,5000,0.08
2022,Upper Dir,35.4050022,72.1144401,2.5878431372549016,13.311830065359477,61.26888888888888,,,,,,,6,30,1,5000,0.05
2022,Upper Dir,35.4050022,72.1144401,2.5878431372549016,13.311830065359477,61.26888888888888,,,,,,,7,30,1,5000,0.05
2022,Upper Dir,35.4050022,72.1144401,2.5878431372549016,13.311830065359477,61.26888888888888,,,,,,,8,30,1,5000,0.05
2022,Upper Dir,35.4050022,72.1144401,2.5878431372549016,13.311830065359477,61.26888888888888,,,,,,,9,30,1,5000,0.05
2022,Upper Dir,35.4050022,72.1144401,2.5878431372549016,13.311830065359477,61.26888888888888,,,,,,,10,30,1,5000,0.05
2022,Vehari,30.0480418,72.3563519,2.891830065359477,31.65091503267972,54.72071895424836,,,,,,,6,30,1,5000,0.06
2022,Vehari,30.0480418,72.3563519,2.891830065359477,31.65091503267972,54.72071895424836,,,,,,,7,30,1,5000,0.06
2022,Vehari,30.0480418,72.3563519,2.891830065359477,31.65091503267972,54.72071895424836,,,,,,,8,30,1,5000,0.06
2022,Vehari,30.0480418,72.3563519,2.891830065359477,31.65091503267972,54.72071895424836,,,,,,,9,30,1,5000,0.06
2022,Vehari,30.0480418,72.3563519,2.891830065359477,31.65091503267972,54.72071895424836,,,,,,,10,30,1,5000,0.06
2022,Washuk,27.7220346,64.8092316,2.04875816993464,25.69006535947713,44.047973856209154,,,,,,,6,30,1,5000,0.04
2022,Washuk,27.7220346,64.8092316,2.04875816993464,25.69006535947713,44.047973856209154,,,,,,,7,30,1,5000,0.04
2022,Washuk,27.7220346,64.8092316,2.04875816993464,25.69006535947713,44.047973856209154,,,,,,,8,30,1,5000,0.04
2022,Washuk,27.7220346,64.8092316,2.04875816993464,25.69006535947713,44.047973856209154,,,,,,,9,30,1,5000,0.04
2022,Washuk,27.7220346,64.8092316,2.04875816993464,25.69006535947713,44.047973856209154,,,,,,,10,30,1,5000,0.04
2022,West Karachi,24.849762,66.9832041,4.839411764705881,28.234967320261443,80.91980392156862,,,,,,,6,30,1,5000,0.1
2022,West Karachi,24.849762,66.9832041,4.839411764705881,28.234967320261443,80.91980392156862,,,,,,,7,30,1,5000,0.1
2022,West Karachi,24.849762,66.9832041,4.839411764705881,28.234967320261443,80.91980392156862,,,,,,,8,30,1,5000,0.1
2022,West Karachi,24.849762,66.9832041,4.839411764705881,28.234967320261443,80.91980392156862,,,,,,,9,30,1,5000,0.1
2022,West Karachi,24.849762,66.9832041,4.839411764705881,28.234967320261443,80.91980392156862,,,,,,,10,30,1,5000,0.1
