year,district,week_index,avg_rainfall,avg_temperature,avg_humidity,population,elevation_m,river_status,area_sq_km,sanitation_index,malaria_cases,ad_cases,typhoid_cases,flood_inundation,mean_ndvi,stagnant_water
2026,Badin,1,0.0714,18.7557,61.3992,1947081,9,1,6726,0.35,1948,1745,151,0.310329579,0.2294386,0.278963417
2026,Dadu,1,0.1714,15.5813,74.4181,1742320,40,2,19070,0.35,3573,1984,324,0.41179959,0.13804395,0.357993945
2026,Ghotki,1,0.5286,15.3705,71.4446,1772609,72,1,6083,0.35,2270,692,72,0.667870994,0.047660064,0.360047476
2026,Hyderabad,1,0.8571,17.8643,65.8069,2432540,20,2,993,0.75,432,2029,92,0.19452629,0.29375855,0.177908119
2026,Jacobabad,1,0.4,15.4396,68.2081,1174097,55,0,2686,0.35,786,502,66,0.439664744,0.159068535,0.218658585
2026,Jamshoro,1,1.1286,17.6485,64.4009,1117308,33,2,11204,0.35,1662,1198,62,,,
2026,Kamber,1,0.0143,15.8833,68.2155,1514869,50,0,5599,0.2,1822,1282,90,,,
2026,Karachi Central,1,0.1,19.7455,58.8449,3822325,0,0,0,0,13,1522,0,0,0.077165179,0
2026,Karachi East,1,0.2429,18.9616,62.2786,3950031,0,0,0,0,34,211,1,0.048858745,0.118260406,0.033107252
2026,Karachi Keamari,1,0,0,0,2068451,0,0,0,0,2,501,0,,,
2026,Karachi Korangi,1,0.1143,19.7997,60.1836,3128971,0,0,0,0,100,373,9,,,
2026,Karachi Malir,1,0.2429,18.9616,62.2786,2403959,0,0,0,0,28,499,17,,,
2026,Karachi South,1,0.5857,17.808,63.7113,2329764,0,0,0,0,15,71,0,0.109831559,0.102968671,0.082396467
2026,Karachi West,1,0.2286,19.4411,61.7655,2679380,0,0,0,0,344,760,18,0.516067976,0.132626689,0.387171412
2026,Kashmore,1,1.3286,15.2586,70.3573,1233957,60,2,2592,0.35,2002,238,33,,,
2026,Khairpur,1,0.2714,16.0128,66.4719,2597535,53,2,15910,0.5,3798,2510,227,0.760129483,0.092404721,0.905771133
2026,Larkana,1,1.8143,16.2655,65.6913,1784453,48,2,1906,0.5,2944,1156,206,0.268710222,0.115674526,0.239795959
2026,Matiari,1,0.4857,17.1488,66.8595,849383,25,2,1417,0.2,2003,1061,42,,,
2026,Mirpurkhas,1,0.6286,16.6732,72.011,1681386,16,0,2925,0.5,1530,2246,138,,,
2026,Naushero Feroze,1,0.0714,15.8357,70.734,1777082,38,2,2945,0.2,1096,1211,241,0.185070343,0.156832821,0.17591679
2026,Sanghar,1,0.0429,15.8381,76.9993,2308465,16,1,10608,0.2,3300,1413,70,0.585805547,0.236687342,0.554916672
2026,Shaheed Benazirabad,1,0.0857,15.5247,75.0017,1845102,30,2,4502,0.5,1846,1157,73,0.366217473,0.259408189,0.313898572
2026,Shikarpur,1,1.4,16.1756,64.0064,1386330,52,1,2512,0.35,1994,755,124,0.290255918,0.032918243,0.262667831
2026,Sujawal,1,0.1429,18.7387,62.1748,839292,0,0,0,0,563,959,92,,,
2026,Sukkur,1,0.2143,15.5708,71.8011,1639897,65,2,5165,0.75,1500,797,101,0.58282387,0.044263467,0.556361772
2026,Tando Allahyar,1,2.8143,17.2735,67.6707,922012,18,0,2343,0.2,1089,693,81,,,
2026,Tando Muhammad Khan,1,0.1857,17.8527,65.1583,726119,14,2,1733,0.2,405,727,89,,,
2026,Tharparkar,1,0.5429,17.8036,63.5787,1778407,56,0,19638,0.35,1696,2038,108,0.887382569,0.133264099,0.827153738
2026,Thatta,1,0.1857,18.506,65.234,1083191,10,2,17355,0.35,957,1151,11,0.510245373,0.16411755,0.472947767
2026,Umerkot,1,0.2429,17.2923,67.0692,1159831,12,0,5608,0.35,1586,1290,69,0.68536544,0.200886594,0.636881502
2026,Awaran,1,0,0,0,178958,500,0,29510,0.2,0,0,0,0.385021066,0.054792223,0.277100519
2026,Barkhan,1,0.8714,10.4018,63.1186,210249,1100,0,3514,0.2,17,57,15,0.2835153,0.117073959,0.279812238
2026,Chagai,1,2.4429,10.789,55.3666,269192,919,0,44748,0.2,12,69,8,0.828490691,0.044623811,0.870025594
2026,Chaman,1,0,0,0,466218,1340,0,1341,0.2,1,65,38,,,
2026,Dera Bugti,1,0.7857,13.3933,68.845,355274,250,0,10160,0.2,1,14,6,0.513182283,0.098310932,0.473416692
2026,Duki,1,0,0,0,205044,1100,0,4233,0.2,0,0,0,,,
2026,Gwadar,1,0.6429,19.9728,53.2582,305160,12,0,12637,0.35,12,14,2,0.679684061,0.049725526,0.597099879
2026,Harnai,1,0,0,0,127571,0,0,0,0,53,145,0,,,
2026,Hub,1,0.1286,17.7762,65.8083,382885,0,0,0,0,75,132,0,,,
2026,Jaffarabad,1,0,0,0,594558,55,1,1643,0.2,187,150,4,0.260176558,0.232630157,0.135567601
2026,Jhal Magsi,1,0,0,0,203368,60,0,3615,0.2,178,120,8,0.716310724,0.118017205,0.695511473
2026,Kachhi (Bolan),1,0.7286,11.7784,50.9149,0,0,0,0,0,408,268,0,,,
2026,Kalat,1,1.0286,5.0438,49.9024,271560,2000,0,7654,0.2,0,0,0,0.212823343,0.065722114,0.146979201
2026,Kech (Turbat),1,0,0,0,1060931,0,0,0,0,26,83,0,,,
2026,Kharan,1,1.9429,11.4699,61.7308,260352,700,0,14958,0.2,9,134,4,0.72670664,0.046944336,0.671404866
2026,Khuzdar,1,0.9571,10.8621,48.9822,997214,1237,0,35380,0.2,11,16,7,0.260717811,0.084470953,0.100191317
2026,Killa Abdullah,1,3.9286,7.7623,59.9486,361971,1500,0,3553,0.2,2,113,3,0.770748117,0.038748786,0.713991488
2026,Killa Saifullah,1,0.5571,6.4879,56.1886,380200,1500,0,6831,0.2,0,0,0,0.676756397,0.048692981,0.693001433
2026,Kohlu,1,1.1571,9.6269,61.4858,260220,1000,0,7610,0.2,12,12,5,0.20729176,0.099627957,0.286859089
2026,Lasbella,1,0.1429,18.2244,65.1918,680977,0,0,0,0,209,305,4,,,
2026,Loralai,1,1.0714,6.439,58.7588,272432,1400,0,3785,0.2,8,192,17,0.325187855,0.076281525,0.260550103
2026,Mastung,1,2.1286,4.8086,61.3539,313271,1700,0,3308,0.2,26,130,3,0.129157194,0.050375539,0.047402273
2026,MusaKhel,1,0.8714,7.3259,56.308,196756,0,0,0,0,48,70,6,0.306892195,0.109375527,0.281071807
2026,Naseerabad,1,0.2143,15.8107,67.0846,563315,0,0,0,0,191,269,34,,,
2026,Nushki,1,1.7,9.9735,60.1662,207834,900,0,5797,0.2,0,0,0,,,
2026,Panjgur,1,0.2857,11.3006,52.0391,509781,900,0,16891,0.2,0,0,0,0.407727252,0.047495785,0.383623246
2026,Pishin,1,3.0857,5.5065,65.0532,835482,1550,0,6218,0.2,8,193,20,0.751774788,0.034998474,0.684663705
2026,Quetta,1,2.2286,5.8013,60.3593,2595492,1680,0,3447,0.75,7,199,15,0.207208995,0.042977515,0.103536735
2026,Sherani,1,0,0,0,191687,1500,0,2700,0.2,0,0,0,,,
2026,Sibi,1,0.3571,13.8866,65.3204,224148,130,0,7121,0.2,240,340,24,0.196147019,0.089665974,0.119117385
2026,Sohbat pur,1,0.3714,15.6292,67.3762,240106,0,0,0,0,45,198,8,,,
2026,Surab,1,1.0286,5.7583,50.859,279038,0,0,0,0,0,16,0,,,
2026,Usta Muhammad,1,0.7429,15.0932,72.7198,0,0,0,0,0,100,464,1,,,
2026,Washuk,1,0.1,8.7601,53.26,302623,700,0,33093,0.2,0,0,0,,,
2026,Zhob,1,0.8429,6.4786,57.3394,355692,1400,0,20297,0.2,0,20,5,0.577266448,0.061205528,0.46900486
2026,Ziarat,1,0,0,0,189535,2400,0,3301,0.2,29,37,5,0.290319096,0.043083041,0.216046424
2026,Abbottabad,1,2.7143,8.7238,68.2289,1419072,1256,0,1967,0.75,0,557,19,0.046969103,0.243916632,0.068437448
2026,Bajaur,1,3.4429,7.3565,60.0284,0,900,0,1290,0.2,76,410,1,,0.169260271,
2026,Bannu,1,0.5429,11.2985,69.4306,1357890,312,1,1227,0.2,795,506,83,0.221058724,0.203497652,0.213655598
2026,Battagram,1,5.3429,6.0708,70.0299,335984,1036,0,1301,0.2,27,201,3,,,
2026,Buner,1,1.7286,10.1539,71.0074,0,700,0,1865,0.35,149,128,5,0.171608189,0.26407695,0.070791798
2026,Charsadda,1,1.4143,10.4744,78.922,1835504,300,2,996,0.2,190,1231,57,,0.142118488,
2026,Chitral Lower,1,0.0571,2.2897,64.4171,0,1500,1,6458,0.35,9,259,5,0.196662173,-0.014666224,0.074449827
2026,Chitral Upper,1,0.0571,2.2897,64.4171,195528,2500,1,8392,0.2,5,90,7,0.196662173,-0.014666224,0.074449827
2026,D.I. Khan,1,0.2143,11.8848,82.4062,1829811,0,0,0,0,164,1356,2,,,
2026,Dir Lower,1,1.5857,11.3104,68.9031,0,800,1,1583,0.35,65,792,18,,,
2026,Dir Upper,1,2.9286,2.9262,76.2974,0,1200,1,3699,0.35,11,635,8,,,
2026,Hangu,1,1.8,8.5982,65.2908,528902,900,0,1097,0.2,64,190,3,0.245829053,0.17437948,0.1120402
2026,Haripur,1,2.0571,9.7435,77.5522,1174783,605,2,1725,0.65,0,740,45,0.302150206,0.228814131,0.252005102
2026,Karak,1,0.8571,10.9363,68.8316,815878,500,0,3372,0.2,55,239,3,,0.141793335,
2026,Khyber,1,1.4429,9.6854,65.4393,1146267,1000,0,2576,0.2,91,305,55,0.159746083,0.161889882,0.022144322
2026,Kohat,1,1.0571,11.314,63.9466,1234661,500,0,2545,0.65,43,274,8,,0.156380624,
2026,Kohistan Lower,1,0.0143,-13.3266,84.9624,340017,1500,2,1200,0.2,0,58,0,0.083161103,0.043140109,0.022533304
2026,Kohistan Upper,1,0.0143,-13.3266,84.9624,422947,2500,2,4000,0.2,2,187,0,0.083161103,0.043140109,0.022533304
2026,Kolai Palas,1,0.0143,-13.3266,84.9624,280162,0,0,0,0,0,70,0,,,
2026,L & C Kurram,1,1.3,-0.1065,72.814,0,0,0,0,0,9,17,0,,,
2026,Lakki Marwat,1,0.4714,10.5229,79.5388,1040856,250,1,3164,0.2,161,203,3,0.177918999,0.147976939,0.16555984
2026,Malakand,1,1.6429,10.9726,66.9623,0,700,1,952,0.2,18,340,0,,0.230692565,
2026,Mansehra,1,2.9143,7.6396,70.854,1797177,1000,0,4579,0.2,0,355,42,0.186949973,0.147679518,0.114747604
2026,Mardan,1,1.2143,10.2682,82.9053,2744898,300,0,1632,0.65,13,673,12,0.352605726,0.148354486,0.140462177
2026,Mohmand,1,1.6429,10.9726,66.9623,553933,600,0,2296,0.2,77,45,5,,0.13602825,
2026,North Waziristan,1,0.1,-4.0325,73.0829,693332,1000,1,4707,0.2,50,53,37,0.286717893,0.123648328,0.1707712
2026,Nowshera,1,1.4429,10.603,76.0262,1740705,280,2,1748,0.65,32,811,4,0.570205591,0.148889248,0.423087312
2026,Orakzai,1,1.2143,7.5045,66.18,387561,1200,0,1538,0.2,1,36,0,0.18477293,0.216630247,0.065575839
2026,Peshawar,1,0.9857,10.8798,79.6094,4758762,330,0,1257,0.75,9,2429,22,,0.17533277,
2026,Shangla,1,1.1429,1.7786,63.7653,0,2000,2,1586,0.35,58,511,18,0.029779628,0.231577666,0.007303933
2026,South Waziristan (Lower),1,1.2571,7.4711,58.5456,0,0,0,0,0,12,42,7,,,
2026,SWU,1,1.2571,7.4711,58.5456,0,0,0,0,0,11,23,0,,,
2026,Swabi,1,2.2,10.0833,84.1807,1894600,340,2,1543,0.65,45,826,41,0.387096333,0.169959251,0.302341619
2026,Swat,1,2.1571,9.1062,66.9472,0,980,1,5337,0.35,8,1292,48,0.164832203,0.093083445,0.07722387
2026,Tank,1,0.4571,11.3247,70.7607,470293,250,0,1679,0.2,96,308,0,0.176172194,0.170010157,0.165107229
2026,Tor Ghar,1,2.0571,10.4975,77.6614,200445,0,0,0,0,12,50,3,,,
2026,Upper Kurram,1,1.3,-0.1065,72.814,785434,0,0,0,0,8,132,9,,,
2026,Badin,2,0,15.8113,49.3167,1947081,9,1,6726,0.35,1861,1743,146,0.673216051,0.229066442,0.306395819
2026,Dadu,2,0,13.4003,73.7526,1742320,40,2,19070,0.35,3181,1993,293,0.439712206,0.150917888,0.337072534
2026,Ghotki,2,0,12.8527,76.9932,1772609,72,1,6083,0.35,1169,548,68,0.635993624,0.217547719,0.567507478
2026,Hyderabad,2,0,15.2211,58.7476,2432540,20,2,993,0.75,417,1890,56,0.450505633,0.28832396,0.185273589
2026,Jacobabad,2,0,12.8878,72.5646,1174097,55,0,2686,0.35,782,407,51,0.704472489,0.150245399,0.434880208
2026,Jamshoro,2,0,15.1637,56.9401,1117308,33,2,11204,0.35,1776,1213,58,,,
2026,Kamber,2,0,13.6518,68.8578,1514869,50,0,5599,0.2,1913,1279,79,,,
2026,Karachi Central,2,0,18.1661,43.9322,3822325,0,0,0,0,16,1546,1,0,0.074802242,0
2026,Karachi East,2,0,17.3786,46.7579,3950031,0,0,0,0,11,211,0,0.045290538,0.113960634,0.034049258
2026,Karachi Keamari,2,0,0,0,2068451,0,0,0,0,0,539,3,,,
2026,Karachi Korangi,2,0,18.2345,44.5945,3128971,0,0,0,0,90,376,2,,,
2026,Karachi Malir,2,0,17.3786,46.7579,2403959,0,0,0,0,24,502,13,,,
2026,Karachi South,2,0,16.1548,49.9809,2329764,0,0,0,0,14,69,0,0.107434571,0.107816833,0.088949103
2026,Karachi West,2,0,18.1902,44.5918,2679380,0,0,0,0,385,837,18,0.420612959,0.123904906,0.380643516
2026,Kashmore,2,0.0143,12.4991,77.374,1233957,60,2,2592,0.35,1589,188,20,,,
2026,Khairpur,2,0,13.344,70.4444,2597535,53,2,15910,0.5,2844,2272,264,0.966955252,0.125208593,0.914207763
2026,Larkana,2,0,13.9134,66.9992,1784453,48,2,1906,0.5,2966,1078,225,0.498823935,0.225413481,0.236627228
2026,Matiari,2,0,14.4667,59.9646,849383,25,2,1417,0.2,1689,962,41,,,
2026,Mirpurkhas,2,0,13.9348,62.2661,1681386,16,0,2925,0.5,1256,2240,116,,,
2026,Naushero Feroze,2,0,13.319,71.6169,1777082,38,2,2945,0.2,1046,1133,123,0.622040443,0.119192048,0.177412094
2026,Sanghar,2,0,12.8643,70.8514,2308465,16,1,10608,0.2,3068,1337,74,0.726793835,0.238085559,0.580000422
2026,Shaheed Benazirabad,2,0,12.9464,73.1698,1845102,30,2,4502,0.5,1691,1123,82,0.630092783,0.178264361,0.314673942
2026,Shikarpur,2,0,13.7378,67.285,1386330,52,1,2512,0.35,1229,708,125,0.667114362,-0.003114671,0.392897485
2026,Sujawal,2,0,16.2929,48.7873,839292,0,0,0,0,235,788,95,,,
2026,Sukkur,2,0,13.2042,74.1594,1639897,65,2,5165,0.75,1194,767,104,0.760003348,0.16864743,0.611335696
2026,Tando Allahyar,2,0,14.403,59.3626,922012,18,0,2343,0.2,784,686,84,,,
2026,Tando Muhammad Khan,2,0,15.2039,53.2694,726119,14,2,1733,0.2,383,686,87,,,
2026,Tharparkar,2,0,15.4625,48.9234,1778407,56,0,19638,0.35,1555,1941,69,0.913705748,0.132068148,0.863681195
2026,Thatta,2,0,16.2399,54.182,1083191,10,2,17355,0.35,788,1163,14,0.616834003,0.171186176,0.468178753
2026,Umerkot,2,0,14.8086,54.7377,1159831,12,0,5608,0.35,1269,1108,75,0.752496087,0.19766755,0.672713885
2026,Awaran,2,0,0,0,178958,500,0,29510,0.2,0,0,0,0.29850308,0.046242705,0.244179041
2026,Barkhan,2,0,8.8717,48.2322,210249,1100,0,3514,0.2,32,76,15,0.295055917,0.119652088,0.260016606
2026,Chagai,2,0,9.0789,40.1311,269192,919,0,44748,0.2,0,75,3,0.8110682,0.037017252,0.799219781
2026,Chaman,2,0,0,0,466218,1340,0,1341,0.2,41,41,14,,,
2026,Dera Bugti,2,0,11.5251,62.1665,355274,250,0,10160,0.2,0,0,0,0.580204284,0.093619025,0.534846223
2026,Duki,2,0,0,0,205044,1100,0,4233,0.2,0,0,0,,,
2026,Gwadar,2,0.2429,19.3951,53.5274,305160,12,0,12637,0.35,54,335,16,0.712480005,0.036568207,0.647302047
2026,Harnai,2,0,0,0,127571,0,0,0,0,347,173,0,,,
2026,Hub,2,0,16.4735,49.8342,382885,0,0,0,0,33,96,3,,,
2026,Jaffarabad,2,0,0,0,594558,55,1,1643,0.2,20,159,7,0.490087104,0.317442802,0.139005943
2026,Jhal Magsi,2,0,0,0,203368,60,0,3615,0.2,93,219,6,0.751228511,0.199266032,0.694290679
2026,Kachhi (Bolan),2,0,10.688,28.9872,0,0,0,0,0,78,209,0,,,
2026,Kalat,2,0,2.1265,44.279,271560,2000,0,7654,0.2,0,0,0,0.269323521,0.049275875,0.122131535
2026,Kech (Turbat),2,0,0,0,1060931,0,0,0,0,2,101,0,,,
2026,Kharan,2,0.2,10.358,39.4886,260352,700,0,14958,0.2,2,129,3,0.713026699,0.041886789,0.692913948
2026,Khuzdar,2,0,7.9761,41.1116,997214,1237,0,35380,0.2,23,293,64,0.153642819,0.081326172,0.100882363
2026,Killa Abdullah,2,0.0571,5.253,53.9747,361971,1500,0,3553,0.2,34,129,18,0.833736684,0.036599009,0.750588577
2026,Killa Saifullah,2,0,4.4537,35.4558,380200,1500,0,6831,0.2,322,175,16,0.637759587,0.047872723,0.583200923
2026,Kohlu,2,0,7.7424,46.9103,260220,1000,0,7610,0.2,11,79,5,0.315043534,0.097380462,0.265618628
2026,Lasbella,2,0,16.6458,49.7122,680977,0,0,0,0,146,294,3,,,
2026,Loralai,2,0,4.8205,37.9867,272432,1400,0,3785,0.2,0,0,0,0.29357541,0.078775409,0.281332965
2026,Mastung,2,0.1143,2.1938,56.5268,313271,1700,0,3308,0.2,125,134,6,0.406408641,0.057135143,0.072777932
2026,MusaKhel,2,0,5.0164,38.8637,196756,0,0,0,0,41,59,12,0.238441046,0.112819351,0.214134504
2026,Naseerabad,2,0,13.3461,69.9207,563315,0,0,0,0,34,300,47,,,
2026,Nushki,2,0,6.436,62.6948,207834,900,0,5797,0.2,25,58,0,,,
2026,Panjgur,2,0,9.5946,40.8251,509781,900,0,16891,0.2,0,0,0,0.481291522,0.046107027,0.38869133
2026,Pishin,2,0,2.7842,54.0934,835482,1550,0,6218,0.2,181,245,18,0.790462169,0.038994254,0.70316973
2026,Quetta,2,0.0857,3.5194,53.9976,2595492,1680,0,3447,0.75,181,278,7,0.538335824,0.055679706,0.162882436
2026,Sherani,2,0,0,0,191687,1500,0,2700,0.2,0,0,0,,,
2026,Sibi,2,0,11.5881,56.5203,224148,130,0,7121,0.2,179,427,30,0.237508062,0.081247677,0.136750966
2026,Sohbat pur,2,0,13.092,71.1715,240106,0,0,0,0,149,169,5,,,
2026,Surab,2,0,2.6327,45.9854,279038,0,0,0,0,0,14,0,,,
2026,Usta Muhammad,2,0,12.758,74.6985,0,0,0,0,0,277,366,1,,,
2026,Washuk,2,0,6.7452,38.3788,302623,700,0,33093,0.2,0,0,0,,,
2026,Zhob,2,0,4.8244,37.9041,355692,1400,0,20297,0.2,88,20,0,0.325814729,0.057473417,0.27701988
2026,Ziarat,2,0,0,0,189535,2400,0,3301,0.2,160,58,8,0.352156538,0.056778089,0.238057843
2026,Abbottabad,2,0.2143,7.4075,43.4018,1419072,1256,0,1967,0.75,0,539,20,,0.241064357,
2026,Bajaur,2,0.0286,4.4339,31.3157,0,900,0,1290,0.2,78,404,2,0.321618226,,
2026,Bannu,2,0,8.9158,58.907,1357890,312,1,1227,0.2,976,601,94,0.526099589,,0.206007963
2026,Battagram,2,0,3.5012,49.1701,335984,1036,0,1301,0.2,10,261,10,,,
2026,Buner,2,0.4714,8.0878,50.0338,0,700,0,1865,0.35,97,151,5,0.29591002,0.273498112,0.099648623
2026,Charsadda,2,0,7.3682,69.7041,1835504,300,2,996,0.2,180,1369,158,0.142720373,0.237229188,
2026,Chitral Lower,2,0,-5.5266,32.0939,0,1500,1,6458,0.35,1,266,1,0.263175013,-0.019854776,0.054014123
2026,Chitral Upper,2,0,-5.5266,32.0939,195528,2500,1,8392,0.2,0,85,8,0.263175013,-0.019854776,0.054014123
2026,D.I. Khan,2,0,9.1815,83.5573,1829811,0,0,0,0,83,1185,0,,,
2026,Dir Lower,2,0,8.8417,50.5109,0,800,1,1583,0.35,61,907,18,,,
2026,Dir Upper,2,0,0.3578,55.695,0,1200,1,3699,0.35,11,552,3,,,
2026,Hangu,2,0.0143,6.7455,46.3625,528902,900,0,1097,0.2,82,283,0,0.337306845,,0.149146698
2026,Haripur,2,0,7.3911,63.306,1174783,605,2,1725,0.65,0,847,42,0.349997247,0.235314094,0.29913296
2026,Karak,2,0,9.4911,55.3654,815878,500,0,3372,0.2,49,323,2,0.618011071,,
2026,Khyber,2,0,7.7131,42.82,1146267,1000,0,2576,0.2,80,340,52,0.208304157,,0.039164862
2026,Kohat,2,0,9.7482,47.1195,1234661,500,0,2545,0.65,28,352,3,0.317066616,0.145366017,
2026,Kohistan Lower,2,0,-17.7995,60.2895,340017,1500,2,1200,0.2,0,68,2,0.207474109,0.043208071,0.021238151
2026,Kohistan Upper,2,0,-17.7995,60.2895,422947,2500,2,4000,0.2,4,196,0,0.207474109,0.043208071,0.021238151
2026,Kolai Palas,2,0,-17.7995,60.2895,280162,0,0,0,0,0,83,1,,,
2026,L & C Kurram,2,0,-0.9336,39.6845,0,0,0,0,0,0,4,1,,,
2026,Lakki Marwat,2,0,7.8208,73.5087,1040856,250,1,3164,0.2,129,210,8,0.886538342,0.115959578,0.167593027
2026,Malakand,2,0,9.1304,45.9766,0,700,1,952,0.2,24,508,0,0.265743066,0.232117896,
2026,Mansehra,2,0.1429,4.9711,52.6497,1797177,1000,0,4579,0.2,0,570,4,0.302454444,0.146642372,0.068937633
2026,Mardan,2,0,7.1491,75.9451,2744898,300,0,1632,0.65,18,669,9,0.143740644,0.236072555,0.193963674
2026,Mohmand,2,0,9.1304,45.9766,553933,600,0,2296,0.2,54,31,2,0.432461058,,
2026,North Waziristan,2,0,-7.1962,42.0519,693332,1000,1,4707,0.2,36,32,26,0.209825888,0.108541868,0.121923911
2026,Nowshera,2,0,7.8756,63.4514,1740705,280,2,1748,0.65,75,910,4,0.390651745,0.183059753,0.42581487
2026,Orakzai,2,0,5.7443,45.0782,387561,1200,0,1538,0.2,0,60,0,0.167349153,,0.128116652
2026,Peshawar,2,0.0571,7.6661,71.1536,4758762,330,0,1257,0.75,4,2559,13,0.261922016,0.180635885,
2026,Shangla,2,0,-0.3116,39.798,0,2000,2,1586,0.35,59,563,12,0.176162593,0.2354143,0.007201142
2026,South Waziristan (Lower),2,0,5.8092,39.6683,0,0,0,0,0,9,63,33,,,
2026,SWU,2,0,5.8092,39.6683,0,0,0,0,0,9,29,1,,,
2026,Swabi,2,0,7.442,78.836,1894600,340,2,1543,0.65,49,662,43,0.368463341,0.239888718,0.281383204
2026,Swat,2,0,6.569,45.5516,0,980,1,5337,0.35,20,1570,49,0.279959064,0.104948137,0.05624729
2026,Tank,2,0,8.5381,65.9997,470293,250,0,1679,0.2,58,288,0,0.576252233,0.185644938,0.161523882
2026,Tor Ghar,2,0,8.1451,63.4713,200445,0,0,0,0,14,48,8,,,
2026,Upper Kurram,2,0,-0.9336,39.6845,785434,0,0,0,0,9,164,9,,,
2026,Badin,3,0,17.7804,60.919,1947081,9,1,6726,0.35,1618,1658,186,0.322007037,0.210649399,0.304995294
2026,Dadu,3,0,14.5018,78.4886,1742320,40,2,19070,0.35,3281,1955,279,0.312537158,,0.288737671
2026,Ghotki,3,0,14.183,73.5755,1772609,72,1,6083,0.35,1232,668,75,0.69962047,0.088849882,0.584243096
2026,Hyderabad,3,0,17.442,67.6589,2432540,20,2,993,0.75,338,1806,59,0.201583603,,0.190066506
2026,Jacobabad,3,0,14.5286,68.977,1174097,55,0,2686,0.35,810,515,71,0.444678318,,0.476749329
2026,Jamshoro,3,0,17.1792,67.8846,1117308,33,2,11204,0.35,1633,1237,70,,,
2026,Kamber,3,0,14.761,70.3435,1514869,50,0,5599,0.2,2110,1227,91,,,
2026,Karachi Central,3,0,19.8637,61.1814,3822325,0,0,0,0,14,1606,2,,,
2026,Karachi East,3,0,19.2286,62.8051,3950031,0,0,0,0,19,258,3,,,
2026,Karachi Keamari,3,0,0,0,2068451,0,0,0,0,6,500,0,,,
2026,Karachi Korangi,3,0.0286,19.6961,63.3898,3128971,0,0,0,0,66,305,4,,,
2026,Karachi Malir,3,0,19.2286,62.8051,2403959,0,0,0,0,35,799,29,,,
2026,Karachi South,3,0,17.9283,65.3093,2329764,0,0,0,0,16,66,0,,,
2026,Karachi West,3,0.0286,19.4753,64.4735,2679380,0,0,0,0,335,847,21,0.573473969,,0.511152042
2026,Kashmore,3,0,13.9655,73.1872,1233957,60,2,2592,0.35,1599,169,23,,,
2026,Khairpur,3,0,14.0708,73.7882,2597535,53,2,15910,0.5,3525,2668,295,0.780422903,0.101035446,0.921531732
2026,Larkana,3,0,14.8798,69.068,1784453,48,2,1906,0.5,3438,1157,239,0.202087573,,0.178567795
2026,Matiari,3,0,16.4774,68.0292,849383,25,2,1417,0.2,1728,1032,51,,,
2026,Mirpurkhas,3,0,15.6155,71.1207,1681386,16,0,2925,0.5,1102,1821,92,,,
2026,Naushero Feroze,3,0,14.2696,77.4471,1777082,38,2,2945,0.2,1481,1500,224,0.210011665,,0.200678457
2026,Sanghar,3,0,14.8557,68.8445,2308465,16,1,10608,0.2,2963,1477,65,0.609346136,0.110961547,0.600493249
2026,Shaheed Benazirabad,3,0,14.431,78.8726,1845102,30,2,4502,0.5,1631,1154,79,0.386384065,,0.331814475
2026,Shikarpur,3,0,15.0315,65.3941,1386330,52,1,2512,0.35,1471,836,148,0.339118434,,0.499008182
2026,Sujawal,3,0,18.1777,66.7822,839292,0,0,0,0,781,1372,79,,,
2026,Sukkur,3,0,14.1914,73.4168,1639897,65,2,5165,0.75,1105,822,107,0.661766919,,0.659902562
2026,Tando Allahyar,3,0,16.5628,67.2174,922012,18,0,2343,0.2,961,764,80,,,
2026,Tando Muhammad Khan,3,0,17.1405,67.6928,726119,14,2,1733,0.2,416,772,85,,,
2026,Tharparkar,3,0,16.689,54.9936,1778407,56,0,19638,0.35,1505,1782,101,0.848162192,0.1272958,0.828292412
2026,Thatta,3,0,17.9687,69.5918,1083191,10,2,17355,0.35,741,1297,14,0.659897585,0.105863578,0.651221517
2026,Umerkot,3,0,16.0818,58.5012,1159831,12,0,5608,0.35,1746,1309,87,0.688700849,0.17685252,0.671686647
2026,Awaran,3,0,0,0,178958,500,0,29510,0.2,0,0,0,0.338123601,0.063287779,0.237483821
2026,Barkhan,3,0,12.0223,50.0082,210249,1100,0,3514,0.2,29,54,21,0.261848983,,0.235558485
2026,Chagai,3,0,13.892,36.2941,269192,919,0,44748,0.2,34,92,6,0.719163093,0.041215064,0.668858084
2026,Chaman,3,0,0,0,466218,1340,0,1341,0.2,0,0,0,,,
2026,Dera Bugti,3,0,13.8605,61.0292,355274,250,0,10160,0.2,0,2,0,0.482569535,,0.513575565
2026,Duki,3,0,0,0,205044,1100,0,4233,0.2,0,0,0,,,
2026,Gwadar,3,0.0429,20.776,64.9706,305160,12,0,12637,0.35,49,283,12,0.634631549,0.050728066,0.773665169
2026,Harnai,3,0,0,0,127571,0,0,0,0,37,184,0,,,
2026,Hub,3,0,17.9393,66.1772,382885,0,0,0,0,54,210,6,,,
2026,Jaffarabad,3,0,0,0,594558,55,1,1643,0.2,136,168,5,0.269240607,,0.152842024
2026,Jhal Magsi,3,0,0,0,203368,60,0,3615,0.2,174,137,5,0.628898886,,0.619986141
2026,Kachhi (Bolan),3,0,13.3645,36.6945,0,0,0,0,0,273,239,0,,,
2026,Kalat,3,0,6.4595,42.196,271560,2000,0,7654,0.2,0,0,0,0.428709521,,0.251811453
2026,Kech (Turbat),3,0,0,0,1060931,0,0,0,0,175,436,0,,,
2026,Kharan,3,0,15.1426,33.577,260352,700,0,14958,0.2,13,144,5,0.693286206,0.055923625,0.652589594
2026,Khuzdar,3,0,12.5303,38.2392,997214,1237,0,35380,0.2,36,99,32,0.179620221,,0.095044671
2026,Killa Abdullah,3,0,9.6828,41.1334,361971,1500,0,3553,0.2,2,119,14,0.838023932,0.025853593,0.733995704
2026,Killa Saifullah,3,0,8.7938,41.1448,380200,1500,0,6831,0.2,141,144,28,0.614721001,,0.564232255
2026,Kohlu,3,0,11.4701,45.9509,260220,1000,0,7610,0.2,45,100,10,0.186020865,,0.240943934
2026,Lasbella,3,0,18.2583,71.1428,680977,0,0,0,0,230,340,6,,,
2026,Loralai,3,0,8.0571,48.8602,272432,1400,0,3785,0.2,20,193,19,0.285891704,,0.255680594
2026,Mastung,3,0,6.3414,49.1114,313271,1700,0,3308,0.2,26,111,6,0.558090295,,0.358463457
2026,MusaKhel,3,0,9.2068,42.607,196756,0,0,0,0,0,0,0,0.427961995,,0.319246565
2026,Naseerabad,3,0,14.7327,67.6995,563315,0,0,0,0,121,260,20,,,
2026,Nushki,3,0,12.0676,40.6806,207834,900,0,5797,0.2,1,67,1,,,
2026,Panjgur,3,0,13.3583,51.2199,509781,900,0,16891,0.2,0,0,0,0.404740087,0.058974743,0.37204213
2026,Pishin,3,0,7.0482,49.5156,835482,1550,0,6218,0.2,10,211,14,0.769578572,,0.698284617
2026,Quetta,3,0,7.665,48.0855,2595492,1680,0,3447,0.75,5,237,11,0.672915924,0.025738151,0.472042759
2026,Sherani,3,0,0,0,191687,1500,0,2700,0.2,0,0,0,,,
2026,Sibi,3,0,13.4827,62.4682,224148,130,0,7121,0.2,157,397,35,0.158997905,,0.09675616
2026,Sohbat pur,3,0,14.5667,68.5347,240106,0,0,0,0,28,129,10,,,
2026,Surab,3,0,7.0488,42.6564,279038,0,0,0,0,0,8,0,,,
2026,Usta Muhammad,3,0,14.0095,72.9422,0,0,0,0,0,67,354,2,,,
2026,Washuk,3,0,10.8589,46.8582,302623,700,0,33093,0.2,0,0,0,,,
2026,Zhob,3,0,9.3089,37.0159,355692,1400,0,20297,0.2,0,37,0,0.64732013,,0.355493498
2026,Ziarat,3,0,0,0,189535,2400,0,3301,0.2,35,95,23,0.266222783,,0.200459944
2026,Abbottabad,3,0.3714,10.8307,39.2046,1419072,1256,0,1967,0.75,0,508,17,0.084035794,,
2026,Bajaur,3,0.0714,8.6381,31.7682,0,900,0,1290,0.2,96,469,3,0.193134367,,0.01306665
2026,Bannu,3,0,10.8994,63.9457,1357890,312,1,1227,0.2,1143,610,89,0.473054607,,0.470720603
2026,Battagram,3,0.5286,5.1122,47.9629,335984,1036,0,1301,0.2,7,208,1,,,
2026,Buner,3,0.2,10.1206,50.4129,0,700,0,1865,0.35,96,183,5,0.132337961,,0.00399532
2026,Charsadda,3,0.3,8.7318,75.8732,1835504,300,2,996,0.2,148,1249,73,0.04039867,,0.034485015
2026,Chitral Lower,3,0,1.3091,38.6923,0,1500,1,6458,0.35,1,322,2,0.305447465,,0.041774785
2026,Chitral Upper,3,0,1.3091,38.6923,195528,2500,1,8392,0.2,1,74,8,0.305447465,,0.041774785
2026,D.I. Khan,3,0,10.578,85.587,1829811,0,0,0,0,93,1126,0,,,
2026,Dir Lower,3,0.0143,10.156,62.419,0,800,1,1583,0.35,38,849,18,,,
2026,Dir Upper,3,0.5,3.836,51.4648,0,1200,1,3699,0.35,5,616,14,,,
2026,Hangu,3,0.0143,9.4896,50.8675,528902,900,0,1097,0.2,65,237,0,0.137857525,,0.109166884
2026,Haripur,3,0.6143,9.3226,60.4577,1174783,605,2,1725,0.65,0,1053,35,0.167797407,,0.152477143
2026,Karak,3,0.0143,11.508,60.0411,815878,500,0,3372,0.2,52,296,6,0.287166361,,0.267536227
2026,Khyber,3,0.0286,9.7866,51.5229,1146267,1000,0,2576,0.2,94,332,57,0.268419669,,0.087367708
2026,Kohat,3,0,11.2295,57.8132,1234661,500,0,2545,0.65,25,347,4,0.154773814,0.098845478,0.135269337
2026,Kohistan Lower,3,0,-13.2322,74.8185,340017,1500,2,1200,0.2,0,63,0,0.357711266,0.008116934,0.002808304
2026,Kohistan Upper,3,0,-13.2322,74.8185,422947,2500,2,4000,0.2,2,216,1,0.357711266,0.008116934,0.002808304
2026,Kolai Palas,3,0,-13.2322,74.8185,280162,0,0,0,0,1,24,2,,,
2026,L & C Kurram,3,0.1286,1.453,49.4326,0,0,0,0,0,0,5,0,,,
2026,Lakki Marwat,3,0.0143,9.6988,80.8391,1040856,250,1,3164,0.2,123,227,9,0.587817939,,0.585785357
2026,Malakand,3,0,11.1875,48.4102,0,700,1,952,0.2,19,422,0,0.124830175,,0.011303108
2026,Mansehra,3,0.7857,7.3458,49.4091,1797177,1000,0,4579,0.2,0,525,19,0.25021593,,0.046352661
2026,Mardan,3,0.1429,8.3848,76.9393,2744898,300,0,1632,0.65,31,687,28,0.033350152,,0.009105882
2026,Mohmand,3,0,11.1875,48.4102,553933,600,0,2296,0.2,53,27,3,0.195370456,,0.061152676
2026,North Waziristan,3,0,-1.7524,50.2291,693332,1000,1,4707,0.2,61,76,47,0,,0
2026,Nowshera,3,0.0714,8.6976,74.5918,1740705,280,2,1748,0.65,51,984,7,0.196291709,,0.153483025
2026,Orakzai,3,0.0143,8.4202,50.4304,387561,1200,0,1538,0.2,1,36,0,0.246276179,,0.092108631
2026,Peshawar,3,0.0143,9.5107,73.2196,4758762,330,0,1257,0.75,10,2390,29,0.063874148,,0.058156431
2026,Shangla,3,0.1714,4.267,36.2755,0,2000,2,1586,0.35,54,276,25,0.366323233,0.015889685,0.008295177
2026,South Waziristan (Lower),3,0,9.4196,43.4185,0,0,0,0,0,11,84,9,,,
2026,SWU,3,0,9.4196,43.4185,0,0,0,0,0,2,48,0,,,
2026,Swabi,3,0.2286,8.144,80.1358,1894600,340,2,1543,0.65,56,798,34,0.088996828,,0.057525453
2026,Swat,3,0.0429,9.3244,46.8133,0,980,1,5337,0.35,18,1462,7,0.309202071,,0.03174459
2026,Tank,3,0,10.6545,70.0873,470293,250,0,1679,0.2,79,336,0,,,
2026,Tor Ghar,3,0.6143,10.0766,60.6334,200445,0,0,0,0,21,57,10,,,
2026,Upper Kurram,3,0.1286,1.453,49.4326,785434,0,0,0,0,11,159,6,,,
2026,Badin,4,0.0571,17.5946,48.6285,1947081,9,1,6726,0.35,1941,2017,176,0.417181716,0.219006299,0.251199005
2026,Dadu,4,1.1,13.9583,66.3817,1742320,40,2,19070,0.35,3082,1941,338,0.462570108,0.164839143,0.289839239
2026,Ghotki,4,1.5571,13.7976,62.896,1772609,72,1,6083,0.35,1215,609,70,0.54710857,0.200147256,0.535109473
2026,Hyderabad,4,0.0286,16.6262,54.2885,2432540,20,2,993,0.75,443,2246,63,0.351634082,0.289641968,0.178498773
2026,Jacobabad,4,1.2429,13.8967,57.9757,1174097,55,0,2686,0.35,895,543,82,0.333698897,0.278522415,0.270675101
2026,Jamshoro,4,0,16.294,52.8602,1117308,33,2,11204,0.35,1847,1393,63,,,
2026,Kamber,4,0.5857,14.4479,58.6636,1514869,50,0,5599,0.2,2425,1324,101,,,
2026,Karachi Central,4,1.5714,17.4247,51.74,3822325,0,0,0,0,13,1567,67,0,0.080938115,
2026,Karachi East,4,0.5571,16.8557,54.1238,3950031,0,0,0,0,16,300,0,0.056554654,0.114619244,
2026,Karachi Keamari,4,0,0,0,2068451,0,0,0,0,1,542,0,,,
2026,Karachi Korangi,4,0.7714,17.597,52.5227,3128971,0,0,0,0,56,400,1,,,
2026,Karachi Malir,4,0.5571,16.8557,54.1238,2403959,0,0,0,0,92,1142,10,,,
2026,Karachi South,4,0.7,15.7994,53.4694,2329764,0,0,0,0,14,84,0,0.109284421,0.103067641,
2026,Karachi West,4,1.4,17.161,52.7784,2679380,0,0,0,0,269,758,22,0.503629796,0.132338565,0.539614931
2026,Kashmore,4,1.6143,13.6253,61.8627,1233957,60,2,2592,0.35,1773,198,0,,,
2026,Khairpur,4,1.1429,13.5515,65.6061,2597535,53,2,15910,0.5,3573,2701,142,0.690144663,0.150550228,0.623410486
2026,Larkana,4,0.5,14.3994,59.1277,1784453,48,2,1906,0.5,3412,1305,3,0.490391278,0.267865529,0.184179381
2026,Matiari,4,0.0286,16.1164,53.4721,849383,25,2,1417,0.2,2003,967,1,,,
2026,Mirpurkhas,4,0.1286,15.619,59.4721,1681386,16,0,2925,0.5,1410,2121,7,,,
2026,Naushero Feroze,4,1.4714,13.5655,68.3475,1777082,38,2,2945,0.2,979,1178,36,0.544696717,0.36638746,0.195568108
2026,Sanghar,4,1.2714,15.486,61.1826,2308465,16,1,10608,0.2,3159,1528,21,0.360227662,0.221751247,0.234350979
2026,Shaheed Benazirabad,4,1.3,13.9402,67.2343,1845102,30,2,4502,0.5,1966,1301,79,0.592041189,0.294404744,0.369480529
2026,Shikarpur,4,1.3857,14.5554,55.1962,1386330,52,1,2512,0.35,1625,867,6,0.321153115,0.291106897,0.239946155
2026,Sujawal,4,0.0286,17.5438,52.4459,839292,0,0,0,0,883,804,12,,,
2026,Sukkur,4,0.7429,13.7009,64.8833,1639897,65,2,5165,0.75,1091,872,2,0.497895744,0.18513922,0.440103678
2026,Tando Allahyar,4,0.0857,16.2679,53.8033,922012,18,0,2343,0.2,859,739,6,,,
2026,Tando Muhammad Khan,4,0.0429,16.8092,52.2033,726119,14,2,1733,0.2,534,762,0,,,
2026,Tharparkar,4,0.2571,16.9327,48.797,1778407,56,0,19638,0.35,1448,1854,15,0.949958903,0.125363658,0.944701444
2026,Thatta,4,0.0857,17.2298,55.0859,1083191,10,2,17355,0.35,847,1035,10,0.615144581,0.158000475,0.652908605
2026,Umerkot,4,0.3,16.6646,49.843,1159831,12,0,5608,0.35,1648,1316,27,0.998768537,0.197733859,0.998768537
2026,Awaran,4,0,0,0,178958,500,0,29510,0.2,0,0,0,0.328454114,0.054405121,0.244981327
2026,Barkhan,4,0.7,8.4548,51.6691,210249,1100,0,3514,0.2,25,59,25,0.318509742,0.105600221,0.230645075
2026,Chagai,4,1.9714,8.4571,45.3691,269192,919,0,44748,0.2,23,68,1,0.793259727,0.040946863,0.660348997
2026,Chaman,4,0,0,0,466218,1340,0,1341,0.2,0,0,0,,,
2026,Dera Bugti,4,0.8857,11.5576,55.5717,355274,250,0,10160,0.2,0,3,0,0.487145512,0.08721393,0.442575652
2026,Duki,4,0,0,0,205044,1100,0,4233,0.2,0,0,0,,,
2026,Gwadar,4,0.2143,18.6746,46.458,305160,12,0,12637,0.35,23,233,3,0.77137454,0.051054416,0.768424458
2026,Harnai,4,0,0,0,127571,0,0,0,0,37,138,0,,,
2026,Hub,4,1.5857,15.872,55.3123,382885,0,0,0,0,37,142,1,,,
2026,Jaffarabad,4,0,0,0,594558,55,1,1643,0.2,52,79,2,0.487598339,0.31960993,0.229156058
2026,Jhal Magsi,4,0,0,0,203368,60,0,3615,0.2,120,160,0,0.76926518,0.133502379,0.622274066
2026,Kachhi (Bolan),4,2.2143,9.2368,38.042,0,0,0,0,0,314,254,0,,,
2026,Kalat,4,0.2286,0.8289,44.6399,271560,2000,0,7654,0.2,0,0,0,0.510397355,0.044503872,0.339426367
2026,Kech (Turbat),4,0,0,0,1060931,0,0,0,0,0,0,0,,,
2026,Kharan,4,1.4286,9.4589,47.2614,260352,700,0,14958,0.2,10,139,5,0.749811474,0.043051574,0.655756084
2026,Khuzdar,4,0.5,7.252,39.2726,997214,1237,0,35380,0.2,0,0,0,0.193411222,0.078261723,0.116629957
2026,Killa Abdullah,4,2.9,4.3429,47.0172,361971,1500,0,3553,0.2,2,78,16,0.817734403,0.019061773,0.724634928
2026,Killa Saifullah,4,0.9286,3.3688,46.7091,380200,1500,0,6831,0.2,94,145,12,0.711082372,0.033526677,0.576423911
2026,Kohlu,4,0.6571,7.7615,51.363,260220,1000,0,7610,0.2,11,58,0,0.250025015,0.087558537,0.167848685
2026,Lasbella,4,3.7143,15.9753,53.8804,680977,0,0,0,0,211,275,6,,,
2026,Loralai,4,1.2714,3.7202,53.2762,272432,1400,0,3785,0.2,9,152,20,0.371468404,0.067180061,0.266304833
2026,Mastung,4,0.3714,0.5021,54.1298,313271,1700,0,3308,0.2,14,111,7,0.626752046,0.042337413,0.437815103
2026,MusaKhel,4,1.3714,4.6074,52.0162,196756,0,0,0,0,0,0,0,0.257518127,0.075172373,0.325580398
2026,Naseerabad,4,0.5571,14.147,57.3156,563315,0,0,0,0,93,266,26,,,
2026,Nushki,4,1.2143,6.6152,46.8467,207834,900,0,5797,0.2,2,28,0,,,
2026,Panjgur,4,1.0429,8.6613,43.7639,509781,900,0,16891,0.2,0,0,0,0.6476851,0.052113558,0.398086868
2026,Pishin,4,2.8714,1.7185,52.7545,835482,1550,0,6218,0.2,0,0,0,0.807863044,0.020350587,0.69402286
2026,Quetta,4,0.7286,1.687,53.504,2595492,1680,0,3447,0.75,7,256,16,0.649060761,0.045070433,0.524632824
2026,Sherani,4,0,0,0,191687,1500,0,2700,0.2,0,0,0,,,
2026,Sibi,4,0.8429,12.1086,51.2615,224148,130,0,7121,0.2,124,426,46,0.277285005,0.078905846,0.141360271
2026,Sohbat pur,4,0.4143,14.1074,56.9353,240106,0,0,0,0,0,0,0,,,
2026,Surab,4,0.3857,2.189,46.0539,279038,0,0,0,0,0,6,0,,,
2026,Usta Muhammad,4,0.2571,13.4369,62.892,0,0,0,0,0,35,211,0,,,
2026,Washuk,4,0.2857,5.5137,46.3806,302623,700,0,33093,0.2,0,0,0,,,
2026,Zhob,4,0.9714,4.1679,49.0929,355692,1400,0,20297,0.2,0,13,0,0.527674695,0.030969292,0.537352842
2026,Ziarat,4,0,0,0,189535,2400,0,3301,0.2,11,67,23,0.499821987,0.035172904,0.242911305
2026,Abbottabad,4,7.4429,6.0592,64.0677,1419072,1256,0,1967,0.75,0,389,25,0.108345361,0.224347729,0.039813649
2026,Bajaur,4,4.7857,4.1631,66.349,0,900,0,1290,0.2,101,484,1,,,
2026,Bannu,4,6.0143,9.108,66.3499,1357890,312,1,1227,0.2,874,625,72,0.436341637,,0.468852027
2026,Battagram,4,3.3714,1.5759,72.5307,335984,1036,0,1301,0.2,8,177,0,,,
2026,Buner,4,10.3286,6.7435,68.4755,0,700,0,1865,0.35,92,194,7,0.101667034,0.244958162,0.064675032
2026,Charsadda,4,5.0429,9.4634,72.878,1835504,300,2,996,0.2,177,1402,78,,0.270225788,
2026,Chitral Lower,4,0,0.6573,61.5137,0,1500,1,6458,0.35,3,167,2,0.226825308,-0.018744909,0.208384331
2026,Chitral Upper,4,0,0.6573,61.5137,195528,2500,1,8392,0.2,1,53,7,0.226825308,-0.018744909,0.208384331
2026,D.I. Khan,4,1.1,11.2411,70.5235,1829811,0,0,0,0,89,1153,0,,,
2026,Dir Lower,4,4.3857,9.5521,70.187,0,800,1,1583,0.35,50,699,16,,,
2026,Dir Upper,4,0.1571,1.0459,74.5851,0,1200,1,3699,0.35,8,467,3,,,
2026,Hangu,4,5.3714,6.2494,68.6839,528902,900,0,1097,0.2,57,230,0,0.288640617,,0.112692438
2026,Haripur,4,4.9429,7.9601,75.128,1174783,605,2,1725,0.65,0,748,0,0.156342862,0.241432672,0.122428828
2026,Karak,4,4.6857,9.4539,64.5957,815878,500,0,3372,0.2,52,285,3,0.626845711,,0.309561981
2026,Khyber,4,4.3857,7.1429,66.2528,1146267,1000,0,2576,0.2,54,246,33,0.22240109,,0.144217052
2026,Kohat,4,3.9143,9.5205,65.4608,1234661,500,0,2545,0.65,30,367,9,0.198370508,0.147227854,0.096533178
2026,Kohistan Lower,4,0,-15.6909,80.0071,340017,1500,2,1200,0.2,0,91,0,0.253525447,0.019157323,0.21646699
2026,Kohistan Upper,4,0,-15.6909,80.0071,422947,2500,2,4000,0.2,3,186,1,0.253525447,0.019157323,0.21646699
2026,Kolai Palas,4,0,-15.6909,80.0071,280162,0,0,0,0,0,41,1,,,
2026,L & C Kurram,4,0.8571,-4.0339,76.3477,0,0,0,0,0,3,10,2,,,
2026,Lakki Marwat,4,4.0714,9.4446,70.3671,1040856,250,1,3164,0.2,109,196,9,0.787123738,,0.5846342
2026,Malakand,4,6.1429,9.208,63.6719,0,700,1,952,0.2,12,436,0,,0.256804883,
2026,Mansehra,4,10.4714,2.5845,73.4635,1797177,1000,0,4579,0.2,0,442,20,0.235505159,0.119254083,0.12649091
2026,Mardan,4,5.5714,9.3009,73.6445,2744898,300,0,1632,0.65,38,716,17,0.004334634,0.265604533,0.003467707
2026,Mohmand,4,6.1429,9.208,63.6719,553933,600,0,2296,0.2,44,32,0,0.52059443,,0.42838755
2026,North Waziristan,4,0.1,-6.6506,74.0046,693332,1000,1,4707,0.2,59,29,36,0.202107243,,0
2026,Nowshera,4,6.3571,9.3274,74.3878,1740705,280,2,1748,0.65,66,987,11,,0.198665714,
2026,Orakzai,4,4.9714,5.0946,69.0076,387561,1200,0,1538,0.2,0,42,0,0.2664369,,0.150452888
2026,Peshawar,4,4.0286,9.5426,74.113,4758762,330,0,1257,0.75,7,2334,7,,0.169468849,
2026,Shangla,4,0.0429,-0.6896,63.846,0,2000,2,1586,0.35,32,324,3,0.250063638,0.134799215,0.207678731
2026,South Waziristan (Lower),4,2.2857,5.3789,53.9661,0,0,0,0,0,12,58,8,,,
2026,SWU,4,2.2857,5.3789,53.9661,0,0,0,0,0,8,31,0,,,
2026,Swabi,4,8.1,8.9536,78.7447,1894600,340,2,1543,0.65,57,777,33,0.074506767,0.269100406,0.047916834
2026,Swat,4,6,4.8928,71.6197,0,980,1,5337,0.35,8,1300,25,0.212512135,0.070673033,0.190371574
2026,Tank,4,1.8143,10.1179,62.2963,470293,250,0,1679,0.2,78,365,0,0.467716154,,
2026,Tor Ghar,4,4.9429,8.7141,75.2468,200445,0,0,0,0,24,46,4,,,
2026,Upper Kurram,4,0.8571,-4.0339,76.3477,785434,0,0,0,0,7,106,5,,,
2026,Badin,5,0,17.6833,47.3445,1947081,9,1,6726,0.35,1969,1597,48,0.428533064,0.224541963,0.330971993
2026,Dadu,5,0.1714,14.4494,68.246,1742320,40,2,19070,0.35,3075,1782,124,0.321884416,0.155145587,0.305843722
2026,Ghotki,5,0.0714,14.7116,63.3664,1772609,72,1,6083,0.35,1842,745,0,0.829634358,0.207994147,0.54564958
2026,Hyderabad,5,0.0714,16.9673,52.402,2432540,20,2,993,0.75,662,1894,1,0.333873564,0.289735194,0.258153894
2026,Jacobabad,5,0.0857,14.7018,60.178,1174097,55,0,2686,0.35,967,522,10,0.54517339,0.293695267,0.293644972
2026,Jamshoro,5,0.0571,16.8586,51.0381,1117308,33,2,11204,0.35,1620,1197,27,,,
2026,Kamber,5,0.5714,15.3789,58.6009,1514869,50,0,5599,0.2,2286,1317,16,,,
2026,Karachi Central,5,0,18.8033,45.7151,3822325,0,0,0,0,17,1555,75,,0.075790215,
2026,Karachi East,5,0.0286,18.3167,46.7496,3950031,0,0,0,0,24,317,0,,0.109251396,
2026,Karachi Keamari,5,0,0,0,2068451,0,0,0,0,3,622,9,,,
2026,Karachi Korangi,5,0,18.997,45.6031,3128971,0,0,0,0,69,328,13,,,
2026,Karachi Malir,5,0.0286,18.3167,46.7496,2403959,0,0,0,0,116,1185,17,,,
2026,Karachi South,5,0,16.986,47.9752,2329764,0,0,0,0,9,84,0,,0.09618958,
2026,Karachi West,5,0,18.4732,48.1012,2679380,0,0,0,0,370,828,24,0.562418883,0.126212487,0.528704235
2026,Kashmore,5,0.1143,14.3676,65.1198,1233957,60,2,2592,0.35,1591,201,0,,,
2026,Khairpur,5,0.0714,14.5071,67.4767,2597535,53,2,15910,0.5,4241,2659,131,0.813383832,0.148670122,0.655749265
2026,Larkana,5,0.2714,15.5199,57.0026,1784453,48,2,1906,0.5,3089,1164,5,0.286456864,0.268023667,0.255719347
2026,Matiari,5,0.4,16.3429,55.1883,849383,25,2,1417,0.2,1848,984,1,,,
2026,Mirpurkhas,5,0,15.6869,59.8939,1681386,16,0,2925,0.5,1201,2245,45,,,
2026,Naushero Feroze,5,0.0143,14.428,67.7284,1777082,38,2,2945,0.2,1386,1400,35,0.297012514,0.354756662,0.271554486
2026,Sanghar,5,0,15.7577,58.9426,2308465,16,1,10608,0.2,3239,1534,11,0.716869929,0.222788871,0.320350359
2026,Shaheed Benazirabad,5,0,14.469,68.8506,1845102,30,2,4502,0.5,1758,1310,100,0.459987516,0.289761745,0.426272879
2026,Shikarpur,5,0.6143,15.6503,55.5438,1386330,52,1,2512,0.35,1642,836,4,0.397292789,0.302779633,0.279080655
2026,Sujawal,5,0,17.953,46.5106,839292,0,0,0,0,723,1225,15,,,
2026,Sukkur,5,0.1429,14.5979,67.2189,1639897,65,2,5165,0.75,1327,857,5,0.781908008,0.190297793,0.485114506
2026,Tando Allahyar,5,0,16.5497,53.607,922012,18,0,2343,0.2,802,756,4,,,
2026,Tando Muhammad Khan,5,0,17.0801,50.3439,726119,14,2,1733,0.2,405,655,0,,,
2026,Tharparkar,5,0,17.2798,48.2031,1778407,56,0,19638,0.35,1412,1677,10,0.884834365,0.111659735,0.945536042
2026,Thatta,5,0,17.6503,49.3109,1083191,10,2,17355,0.35,817,993,9,0.797795894,0.14659358,0.688614331
2026,Umerkot,5,0,16.817,50.7248,1159831,12,0,5608,0.35,1619,1225,24,0.755163072,0.173702424,0.997666701
2026,Awaran,5,0,0,0,178958,500,0,29510,0.2,0,0,0,0.420017304,0.052212244,0.258116234
2026,Barkhan,5,0.1571,9.558,55.1455,210249,1100,0,3514,0.2,9,17,18,0.4064758,0.110822973,0.296122124
2026,Chagai,5,1.4571,9.7905,73.552,269192,919,0,44748,0.2,0,0,0,0.891477724,0.031823336,0.810422644
2026,Chaman,5,0,0,0,466218,1340,0,1341,0.2,0,0,0,,,
2026,Dera Bugti,5,0.1571,12.6174,59.6598,355274,250,0,10160,0.2,0,1,0,0.509073411,0.091125089,0.463531058
2026,Duki,5,0,0,0,205044,1100,0,4233,0.2,0,0,0,,,
2026,Gwadar,5,4.9429,17.9999,71.0094,305160,12,0,12637,0.35,35,90,4,0.686474206,0.031009358,0.650688365
2026,Harnai,5,0,0,0,127571,0,0,0,0,36,136,0,,,
2026,Hub,5,0,17.1006,49.7134,382885,0,0,0,0,25,112,1,,,
2026,Jaffarabad,5,0,0,0,594558,55,1,1643,0.2,7,19,0,0.330599957,0.332489347,0.299786798
2026,Jhal Magsi,5,0,0,0,203368,60,0,3615,0.2,15,22,3,0.694468374,0.084147121,0.688092602
2026,Kachhi (Bolan),5,1.0857,10.4213,54.6583,0,0,0,0,0,290,254,0,,,
2026,Kalat,5,0.1,3.3321,62.5658,271560,2000,0,7654,0.2,0,0,0,0.40759591,0.045924187,0.333509829
2026,Kech (Turbat),5,0,0,0,1060931,0,0,0,0,3,73,1,,,
2026,Kharan,5,0.8714,10.5464,72.2217,260352,700,0,14958,0.2,3,105,6,0.773844839,0.034307333,0.704308823
2026,Khuzdar,5,0.1714,9.1511,57.1558,997214,1237,0,35380,0.2,2,20,0,0.181657569,0.069273426,0.120962211
2026,Killa Abdullah,5,4.8286,5.5474,72.2753,361971,1500,0,3553,0.2,0,12,0,0.768705228,0.0216212,0.66811756
2026,Killa Saifullah,5,0.9571,4.7346,65.4316,380200,1500,0,6831,0.2,24,31,6,0.698413529,0.037593705,0.629864688
2026,Kohlu,5,0.6714,8.663,57.7058,260220,1000,0,7610,0.2,4,9,1,0.225592402,0.08891078,0.185516609
2026,Lasbella,5,0.1714,16.9196,52.1852,680977,0,0,0,0,155,268,6,,,
2026,Loralai,5,0.1857,4.3604,71.8446,272432,1400,0,3785,0.2,0,0,0,0.401932876,0.073076938,0.326854756
2026,Mastung,5,1.4857,2.4854,78.6398,313271,1700,0,3308,0.2,3,112,7,0.505369448,0.04450804,0.430734746
2026,MusaKhel,5,1.0714,5.5964,65.4226,196756,0,0,0,0,92,74,10,0.482349586,0.089405351,0.227000828
2026,Naseerabad,5,0.1571,15.2592,56.5505,563315,0,0,0,0,116,215,13,,,
2026,Nushki,5,3.1143,7.8982,73.9993,207834,900,0,5797,0.2,0,0,0,,,
2026,Panjgur,5,1.5429,9.9943,70.3383,509781,900,0,16891,0.2,0,0,0,0.546188584,0.039156146,0.521360754
2026,Pishin,5,3.2571,3.4051,76.0543,835482,1550,0,6218,0.2,0,0,0,0.7102333,0.021248111,0.654643432
2026,Quetta,5,1.2286,3.2081,76.6201,2595492,1680,0,3447,0.75,3,171,1,0.615804566,0.01436874,0.506481023
2026,Sherani,5,0,0,0,191687,1500,0,2700,0.2,0,0,0,,,
2026,Sibi,5,0.1429,13.6461,55.9473,224148,130,0,7121,0.2,87,155,10,0.211963343,0.087966476,0.170891669
2026,Sohbat pur,5,0.1,14.831,59.8174,240106,0,0,0,0,0,0,0,,,
2026,Surab,5,0.2,3.8833,63.742,279038,0,0,0,0,0,0,0,,,
2026,Usta Muhammad,5,0.0429,14.5539,61.8394,0,0,0,0,0,46,167,0,,,
2026,Washuk,5,0.9857,6.7795,72.4266,302623,700,0,33093,0.2,0,0,0,,,
2026,Zhob,5,1.2143,5.1387,60.2432,355692,1400,0,20297,0.2,0,18,1,0.722780548,0.046734286,0.512487451
2026,Ziarat,5,0,0,0,189535,2400,0,3301,0.2,0,0,0,0.278784051,,0.260736494
2026,Abbottabad,5,3.8143,7.3075,67.4199,1419072,1256,0,1967,0.75,0,369,18,0.196387697,,0.059800816
2026,Bajaur,5,1.9857,5.8705,54.3923,0,900,0,1290,0.2,104,418,3,0.055583531,,
2026,Bannu,5,0,10.8548,58.42,1357890,312,1,1227,0.2,947,583,66,0.489880757,,0.403243346
2026,Battagram,5,4.1714,2.1943,71.4343,335984,1036,0,1301,0.2,4,159,2,,,
2026,Buner,5,3.3857,8.8226,64.1274,0,700,0,1865,0.35,77,140,4,0.018036509,0.273195767,0.004227553
2026,Charsadda,5,1.8286,10.1095,67.494,1835504,300,2,996,0.2,152,1433,184,0.078876586,0.213967471,
2026,Chitral Lower,5,0,0.9692,57.327,0,1500,1,6458,0.35,5,251,5,0.118584959,-0.016765981,0.065780004
2026,Chitral Upper,5,0,0.9692,57.327,195528,2500,1,8392,0.2,0,51,3,0.118584959,-0.016765981,0.065780004
2026,D.I. Khan,5,0.0429,11.8622,66.9582,1829811,0,0,0,0,91,1366,0,,,
2026,Dir Lower,5,1.8429,10.5446,60.4659,0,800,1,1583,0.35,49,835,19,,,
2026,Dir Upper,5,0.3143,1.0173,69.3123,0,1200,1,3699,0.35,5,630,8,,,
2026,Hangu,5,0.3429,7.3039,58.8797,528902,900,0,1097,0.2,16,238,0,0.308196832,,0.216556278
2026,Haripur,5,1.9857,8.7932,75.1866,1174783,605,2,1725,0.65,0,750,0,0.224386597,0.223795649,0.117266699
2026,Karak,5,0.0429,10.7949,54.3911,815878,500,0,3372,0.2,26,220,1,0.525207523,,0.523408365
2026,Khyber,5,0.8714,8.4851,56.4649,1146267,1000,0,2576,0.2,33,180,11,0.131192834,,0.079238345
2026,Kohat,5,0.1571,10.4589,56.0394,1234661,500,0,2545,0.65,18,421,6,0.281039338,0.138565618,0.098149032
2026,Kohistan Lower,5,0,-14.7495,77.9906,340017,1500,2,1200,0.2,0,121,0,0.130683517,0.003954706,0.005791691
2026,Kohistan Upper,5,0,-14.7495,77.9906,422947,2500,2,4000,0.2,5,266,0,0.130683517,0.003954706,0.005791691
2026,Kolai Palas,5,0,-14.7495,77.9906,280162,0,0,0,0,0,79,0,,,
2026,L & C Kurram,5,0,-4.6678,70.4518,0,0,0,0,0,1,23,0,,,
2026,Lakki Marwat,5,0.0857,10.1068,67.368,1040856,250,1,3164,0.2,118,317,8,0.811449712,,0.744487535
2026,Malakand,5,1.8286,9.9158,62.018,0,700,1,952,0.2,11,426,0,0.049119098,0.220682735,
2026,Mansehra,5,5.7714,5.3557,70.6478,1797177,1000,0,4579,0.2,0,493,25,0.175092255,0.273016412,0.09505819
2026,Mardan,5,1.7286,9.7161,76.7176,2744898,300,0,1632,0.65,12,745,7,0.040744298,0.238104046,0
2026,Mohmand,5,1.8286,9.9158,62.018,553933,600,0,2296,0.2,43,27,3,0.189448711,,0.274338872
2026,North Waziristan,5,0.0571,-6.5003,69.166,693332,1000,1,4707,0.2,65,41,24,0.301459213,0.107638574,0.117045695
2026,Nowshera,5,1.6714,10.0298,67.5134,1740705,280,2,1748,0.65,45,806,9,0.309107924,0.188567228,
2026,Orakzai,5,0.3,6.1012,58.8817,387561,1200,0,1538,0.2,1,34,0,0.082406467,,0.077857119
2026,Peshawar,5,0.7429,9.9437,74.4727,4758762,330,0,1257,0.75,12,2850,27,0.158004984,0.183125239,
2026,Shangla,5,0.0571,0.5738,59.7864,0,2000,2,1586,0.35,76,489,16,0.013509111,0.01034062,0.004778975
2026,South Waziristan (Lower),5,1.1286,6.3301,58.5637,0,0,0,0,0,14,70,5,,,
2026,SWU,5,1.1286,6.3301,58.5637,0,0,0,0,0,14,24,0,,,
2026,Swabi,5,1.6571,9.5586,79.8716,1894600,340,2,1543,0.65,58,820,24,0.179679885,0.270441153,0.039552023
2026,Swat,5,4,6.7169,69.144,0,980,1,5337,0.35,14,1383,24,0.071122125,0.136930551,0.035100994
2026,Tank,5,0,11.2223,57.333,470293,250,0,1679,0.2,88,394,0,0.641131321,,0.453271884
2026,Tor Ghar,5,1.9857,9.5472,75.3048,200445,0,0,0,0,13,83,11,,,
2026,Upper Kurram,5,0,-4.6678,70.4518,785434,0,0,0,0,10,144,7,,,
