Year,District,week_index,avg_temp_C,avg_humidity_%,avg_rainfall_mm,Population,Malaria_cases,AD_cases,Typhoid_cases,Elevation_m,River_Status,Area_sq_km,Sanitation_Index
2026,Badin,1,18.7557,61.3992,0.0714,1947081,1948,1745,151,9,1,6726,0.35
2026,Dadu,1,15.5813,74.4181,0.1714,1742320,3573,1984,324,40,2,19070,0.35
2026,Ghotki,1,15.3705,71.4446,0.5286,1772609,2270,692,72,72,1,6083,0.35
2026,Hyderabad,1,17.8643,65.8069,0.8571,2432540,432,2029,92,20,2,993,0.75
2026,Jacobabad,1,15.4396,68.2081,0.4,1174097,786,502,66,55,0,2686,0.35
2026,Jamshoro,1,17.6485,64.4009,1.1286,1117308,1662,1198,62,33,2,11204,0.35
2026,Kamber,1,15.8833,68.2155,0.0143,1514869,1822,1282,90,50,0,5599,0.2
2026,Karachi Central,1,19.7455,58.8449,0.1,3822325,13,1522,0,,,,
2026,Karachi East,1,18.9616,62.2786,0.2429,3950031,34,211,1,,,,
2026,Karachi Keamari,1,,,,2068451,2,501,0,,,,
2026,Karachi Korangi,1,19.7997,60.1836,0.1143,3128971,100,373,9,,,,
2026,Karachi Malir,1,18.9616,62.2786,0.2429,2403959,28,499,17,,,,
2026,Karachi South,1,17.808,63.7113,0.5857,2329764,15,71,0,,,,
2026,Karachi West,1,19.4411,61.7655,0.2286,2679380,344,760,18,,,,
2026,Kashmore,1,15.2586,70.3573,1.3286,1233957,2002,238,33,60,2,2592,0.35
2026,Khairpur,1,16.0128,66.4719,0.2714,2597535,3798,2510,227,53,2,15910,0.5
2026,Larkana,1,16.2655,65.6913,1.8143,1784453,2944,1156,206,48,2,1906,0.5
2026,Matiari,1,17.1488,66.8595,0.4857,849383,2003,1061,42,25,2,1417,0.2
2026,Mirpurkhas,1,16.6732,72.011,0.6286,1681386,1530,2246,138,16,0,2925,0.5
2026,Naushero Feroze,1,15.8357,70.734,0.0714,1777082,1096,1211,241,38,2,2945,0.2
2026,Sanghar,1,15.8381,76.9993,0.0429,2308465,3300,1413,70,16,1,10608,0.2
2026,Shaheed Benazirabad,1,15.5247,75.0017,0.0857,1845102,1846,1157,73,30,2,4502,0.5
2026,Shikarpur,1,16.1756,64.0064,1.4,1386330,1994,755,124,52,1,2512,0.35
2026,Sujawal,1,18.7387,62.1748,0.1429,839292,563,959,92,,,,
2026,Sukkur,1,15.5708,71.8011,0.2143,1639897,1500,797,101,65,2,5165,0.75
2026,Tando Allahyar,1,17.2735,67.6707,2.8143,922012,1089,693,81,18,0,2343,0.2
2026,Tando Muhammad Khan,1,17.8527,65.1583,0.1857,726119,405,727,89,14,2,1733,0.2
2026,Tharparkar,1,17.8036,63.5787,0.5429,1778407,1696,2038,108,56,0,19638,0.35
2026,Thatta,1,18.506,65.234,0.1857,1083191,957,1151,11,10,2,17355,0.35
2026,Umerkot,1,17.2923,67.0692,0.2429,1159831,1586,1290,69,12,0,5608,0.35
2026,Awaran,1,,,,178958,NR,NR,NR,500,0,29510,0.2
2026,Barkhan,1,10.4018,63.1186,0.8714,210249,17,57,15,1100,0,3514,0.2
2026,Chagai,1,10.789,55.3666,2.4429,269192,12,69,8,919,0,44748,0.2
2026,Chaman,1,,,,466218,1,65,38,1340,0,1341,0.2
2026,Dera Bugti,1,13.3933,68.845,0.7857,355274,1,14,6,250,0,10160,0.2
2026,Duki,1,,,,205044,NR,NR,NR,1100,0,4233,0.2
2026,Gwadar,1,19.9728,53.2582,0.6429,305160,12,14,2,12,0,12637,0.35
2026,Harnai,1,,,,127571,53,145,0,,,,
2026,Hub,1,17.7762,65.8083,0.1286,382885,75,132,0,,,,
2026,Jaffarabad,1,,,,594558,187,150,4,55,1,1643,0.2
2026,Jhal Magsi,1,,,,203368,178,120,8,60,0,3615,0.2
2026,Kachhi (Bolan),1,11.7784,50.9149,0.7286,,408,268,0,,,,
2026,Kalat,1,5.0438,49.9024,1.0286,271560,0,0,0,2000,0,7654,0.2
2026,Kech (Turbat),1,,,,1060931,26,83,NR,,,,
2026,Kharan,1,11.4699,61.7308,1.9429,260352,9,134,4,700,0,14958,0.2
2026,Khuzdar,1,10.8621,48.9822,0.9571,997214,11,16,7,1237,0,35380,0.2
2026,Killa Abdullah,1,7.7623,59.9486,3.9286,361971,2,113,3,1500,0,3553,0.2
2026,Killa Saifullah,1,6.4879,56.1886,0.5571,380200,NR,NR,NR,1500,0,6831,0.2
2026,Kohlu,1,9.6269,61.4858,1.1571,260220,12,12,5,1000,0,7610,0.2
2026,Lasbella,1,18.2244,65.1918,0.1429,680977,209,305,4,,,,
2026,Loralai,1,6.439,58.7588,1.0714,272432,8,192,17,1400,0,3785,0.2
2026,Mastung,1,4.8086,61.3539,2.1286,313271,26,130,3,1700,0,3308,0.2
2026,MusaKhel,1,7.3259,56.308,0.8714,196756,48,70,6,,,,
2026,Naseerabad,1,15.8107,67.0846,0.2143,563315,191,269,34,,,,
2026,Nushki,1,9.9735,60.1662,1.7,207834,NR,NR,NR,900,0,5797,0.2
2026,Panjgur,1,11.3006,52.0391,0.2857,509781,NR,NR,NR,900,0,16891,0.2
2026,Pishin,1,5.5065,65.0532,3.0857,835482,8,193,20,1550,0,6218,0.2
2026,Quetta,1,5.8013,60.3593,2.2286,2595492,7,199,15,1680,0,3447,0.75
2026,Sherani,1,,,,191687,NR,NR,NR,1500,0,2700,0.2
2026,Sibi,1,13.8866,65.3204,0.3571,224148,240,340,24,130,0,7121,0.2
2026,Sohbat pur,1,15.6292,67.3762,0.3714,240106,45,198,8,,,,
2026,Surab,1,5.7583,50.859,1.0286,279038,0,16,0,,,,
2026,Usta Muhammad,1,15.0932,72.7198,0.7429,,100,464,1,,,,
2026,Washuk,1,8.7601,53.26,0.1,302623,NR,NR,NR,700,0,33093,0.2
2026,Zhob,1,6.4786,57.3394,0.8429,355692,0,20,5,1400,0,20297,0.2
2026,Ziarat,1,,,,189535,29,37,5,2400,0,3301,0.2
2026,Abbottabad,1,8.7238,68.2289,2.7143,1419072,0,557,19,1256,0,1967,0.75
2026,Bajaur,1,7.3565,60.0284,3.4429,,76,410,1,900,0,1290,0.2
2026,Bannu,1,11.2985,69.4306,0.5429,1357890,795,506,83,312,1,1227,0.2
2026,Battagram,1,6.0708,70.0299,5.3429,335984,27,201,3,1036,0,1301,0.2
2026,Buner,1,10.1539,71.0074,1.7286,,149,128,5,700,0,1865,0.35
2026,Charsadda,1,10.4744,78.922,1.4143,1835504,190,1231,57,300,2,996,0.2
2026,Chitral Lower,1,2.2897,64.4171,0.0571,,9,259,5,1500,1,6458,0.35
2026,Chitral Upper,1,2.2897,64.4171,0.0571,195528,5,90,7,2500,1,8392,0.2
2026,D.I. Khan,1,11.8848,82.4062,0.2143,1829811,164,1356,2,,,,
2026,Dir Lower,1,11.3104,68.9031,1.5857,,65,792,18,800,1,1583,0.35
2026,Dir Upper,1,2.9262,76.2974,2.9286,,11,635,8,1200,1,3699,0.35
2026,Hangu,1,8.5982,65.2908,1.8,528902,64,190,3,900,0,1097,0.2
2026,Haripur,1,9.7435,77.5522,2.0571,1174783,0,740,45,605,2,1725,0.65
2026,Karak,1,10.9363,68.8316,0.8571,815878,55,239,3,500,0,3372,0.2
2026,Khyber,1,9.6854,65.4393,1.4429,1146267,91,305,55,1000,0,2576,0.2
2026,Kohat,1,11.314,63.9466,1.0571,1234661,43,274,8,500,0,2545,0.65
2026,Kohistan Lower,1,-13.3266,84.9624,0.0143,340017,0,58,0,1500,2,1200,0.2
2026,Kohistan Upper,1,-13.3266,84.9624,0.0143,422947,2,187,0,2500,2,4000,0.2
2026,Kolai Palas,1,-13.3266,84.9624,0.0143,280162,0,70,0,,,,
2026,L & C Kurram,1,-0.1065,72.814,1.3,,9,17,0,,,,
2026,Lakki Marwat,1,10.5229,79.5388,0.4714,1040856,161,203,3,250,1,3164,0.2
2026,Malakand,1,10.9726,66.9623,1.6429,,18,340,0,700,1,952,0.2
2026,Mansehra,1,7.6396,70.854,2.9143,1797177,NR,355,42,1000,0,4579,0.2
2026,Mardan,1,10.2682,82.9053,1.2143,2744898,13,673,12,300,0,1632,0.65
2026,Mohmand,1,10.9726,66.9623,1.6429,553933,77,45,5,600,0,2296,0.2
2026,North Waziristan,1,-4.0325,73.0829,0.1,693332,50,53,37,1000,1,4707,0.2
2026,Nowshera,1,10.603,76.0262,1.4429,1740705,32,811,4,280,2,1748,0.65
2026,Orakzai,1,7.5045,66.18,1.2143,387561,1,36,0,1200,0,1538,0.2
2026,Peshawar,1,10.8798,79.6094,0.9857,4758762,9,2429,22,330,0,1257,0.75
2026,Shangla,1,1.7786,63.7653,1.1429,,58,511,18,2000,2,1586,0.35
2026,South Waziristan (Lower),1,7.4711,58.5456,1.2571,,12,42,7,,,,
2026,SWU,1,7.4711,58.5456,1.2571,,11,23,0,,,,
2026,Swabi,1,10.0833,84.1807,2.2,1894600,45,826,41,340,2,1543,0.65
2026,Swat,1,9.1062,66.9472,2.1571,,8,1292,48,980,1,5337,0.35
2026,Tank,1,11.3247,70.7607,0.4571,470293,96,308,0,250,0,1679,0.2
2026,Tor Ghar,1,10.4975,77.6614,2.0571,200445,12,50,3,,,,
2026,Upper Kurram,1,-0.1065,72.814,1.3,785434,8,132,9,,,,
2026,Badin,2,15.8113,49.3167,0,1947081,1861,1743,146,9,1,6726,0.35
2026,Dadu,2,13.4003,73.7526,0,1742320,3181,1993,293,40,2,19070,0.35
2026,Ghotki,2,12.8527,76.9932,0,1772609,1169,548,68,72,1,6083,0.35
2026,Hyderabad,2,15.2211,58.7476,0,2432540,417,1890,56,20,2,993,0.75
2026,Jacobabad,2,12.8878,72.5646,0,1174097,782,407,51,55,0,2686,0.35
2026,Jamshoro,2,15.1637,56.9401,0,1117308,1776,1213,58,33,2,11204,0.35
2026,Kamber,2,13.6518,68.8578,0,1514869,1913,1279,79,50,0,5599,0.2
2026,Karachi Central,2,18.1661,43.9322,0,3822325,16,1546,1,,,,
2026,Karachi East,2,17.3786,46.7579,0,3950031,11,211,0,,,,
2026,Karachi Keamari,2,,,,2068451,0,539,3,,,,
2026,Karachi Korangi,2,18.2345,44.5945,0,3128971,90,376,2,,,,
2026,Karachi Malir,2,17.3786,46.7579,0,2403959,24,502,13,,,,
2026,Karachi South,2,16.1548,49.9809,0,2329764,14,69,0,,,,
2026,Karachi West,2,18.1902,44.5918,0,2679380,385,837,18,,,,
2026,Kashmore,2,12.4991,77.374,0.0143,1233957,1589,188,20,60,2,2592,0.35
2026,Khairpur,2,13.344,70.4444,0,2597535,2844,2272,264,53,2,15910,0.5
2026,Larkana,2,13.9134,66.9992,0,1784453,2966,1078,225,48,2,1906,0.5
2026,Matiari,2,14.4667,59.9646,0,849383,1689,962,41,25,2,1417,0.2
2026,Mirpurkhas,2,13.9348,62.2661,0,1681386,1256,2240,116,16,0,2925,0.5
2026,Naushero Feroze,2,13.319,71.6169,0,1777082,1046,1133,123,38,2,2945,0.2
2026,Sanghar,2,12.8643,70.8514,0,2308465,3068,1337,74,16,1,10608,0.2
2026,Shaheed Benazirabad,2,12.9464,73.1698,0,1845102,1691,1123,82,30,2,4502,0.5
2026,Shikarpur,2,13.7378,67.285,0,1386330,1229,708,125,52,1,2512,0.35
2026,Sujawal,2,16.2929,48.7873,0,839292,235,788,95,,,,
2026,Sukkur,2,13.2042,74.1594,0,1639897,1194,767,104,65,2,5165,0.75
2026,Tando Allahyar,2,14.403,59.3626,0,922012,784,686,84,18,0,2343,0.2
2026,Tando Muhammad Khan,2,15.2039,53.2694,0,726119,383,686,87,14,2,1733,0.2
2026,Tharparkar,2,15.4625,48.9234,0,1778407,1555,1941,69,56,0,19638,0.35
2026,Thatta,2,16.2399,54.182,0,1083191,788,1163,14,10,2,17355,0.35
2026,Umerkot,2,14.8086,54.7377,0,1159831,1269,1108,75,12,0,5608,0.35
2026,Awaran,2,,,,178958,NR,NR,NR,500,0,29510,0.2
2026,Barkhan,2,8.8717,48.2322,0,210249,32,76,15,1100,0,3514,0.2
2026,Chagai,2,9.0789,40.1311,0,269192,0,75,3,919,0,44748,0.2
2026,Chaman,2,,,,466218,41,41,14,1340,0,1341,0.2
2026,Dera Bugti,2,11.5251,62.1665,0,355274,NR,NR,NR,250,0,10160,0.2
2026,Duki,2,,,,205044,NR,NR,NR,1100,0,4233,0.2
2026,Gwadar,2,19.3951,53.5274,0.2429,305160,54,335,16,12,0,12637,0.35
2026,Harnai,2,,,,127571,347,173,0,,,,
2026,Hub,2,16.4735,49.8342,0,382885,33,96,3,,,,
2026,Jaffarabad,2,,,,594558,20,159,7,55,1,1643,0.2
2026,Jhal Magsi,2,,,,203368,93,219,6,60,0,3615,0.2
2026,Kachhi (Bolan),2,10.688,28.9872,0,,78,209,0,,,,
2026,Kalat,2,2.1265,44.279,0,271560,0,0,0,2000,0,7654,0.2
2026,Kech (Turbat),2,,,,1060931,2,101,NR,,,,
2026,Kharan,2,10.358,39.4886,0.2,260352,2,129,3,700,0,14958,0.2
2026,Khuzdar,2,7.9761,41.1116,0,997214,23,293,64,1237,0,35380,0.2
2026,Killa Abdullah,2,5.253,53.9747,0.0571,361971,34,129,18,1500,0,3553,0.2
2026,Killa Saifullah,2,4.4537,35.4558,0,380200,322,175,16,1500,0,6831,0.2
2026,Kohlu,2,7.7424,46.9103,0,260220,11,79,5,1000,0,7610,0.2
2026,Lasbella,2,16.6458,49.7122,0,680977,146,294,3,,,,
2026,Loralai,2,4.8205,37.9867,0,272432,NR,NR,NR,1400,0,3785,0.2
2026,Mastung,2,2.1938,56.5268,0.1143,313271,125,134,6,1700,0,3308,0.2
2026,MusaKhel,2,5.0164,38.8637,0,196756,41,59,12,,,,
2026,Naseerabad,2,13.3461,69.9207,0,563315,34,300,47,,,,
2026,Nushki,2,6.436,62.6948,0,207834,25,58,0,900,0,5797,0.2
2026,Panjgur,2,9.5946,40.8251,0,509781,NR,NR,NR,900,0,16891,0.2
2026,Pishin,2,2.7842,54.0934,0,835482,181,245,18,1550,0,6218,0.2
2026,Quetta,2,3.5194,53.9976,0.0857,2595492,181,278,7,1680,0,3447,0.75
2026,Sherani,2,,,,191687,NR,NR,NR,1500,0,2700,0.2
2026,Sibi,2,11.5881,56.5203,0,224148,179,427,30,130,0,7121,0.2
2026,Sohbat pur,2,13.092,71.1715,0,240106,149,169,5,,,,
2026,Surab,2,2.6327,45.9854,0,279038,0,14,0,,,,
2026,Usta Muhammad,2,12.758,74.6985,0,,277,366,1,,,,
2026,Washuk,2,6.7452,38.3788,0,302623,NR,NR,NR,700,0,33093,0.2
2026,Zhob,2,4.8244,37.9041,0,355692,88,20,0,1400,0,20297,0.2
2026,Ziarat,2,,,,189535,160,58,8,2400,0,3301,0.2
2026,Abbottabad,2,7.4075,43.4018,0.2143,1419072,0,539,20,1256,0,1967,0.75
2026,Bajaur,2,4.4339,31.3157,0.0286,,78,404,2,900,0,1290,0.2
2026,Bannu,2,8.9158,58.907,0,1357890,976,601,94,312,1,1227,0.2
2026,Battagram,2,3.5012,49.1701,0,335984,10,261,10,1036,0,1301,0.2
2026,Buner,2,8.0878,50.0338,0.4714,,97,151,5,700,0,1865,0.35
2026,Charsadda,2,7.3682,69.7041,0,1835504,180,1369,158,300,2,996,0.2
2026,Chitral Lower,2,-5.5266,32.0939,0,,1,266,1,1500,1,6458,0.35
2026,Chitral Upper,2,-5.5266,32.0939,0,195528,0,85,8,2500,1,8392,0.2
2026,D.I. Khan,2,9.1815,83.5573,0,1829811,83,1185,0,,,,
2026,Dir Lower,2,8.8417,50.5109,0,,61,907,18,800,1,1583,0.35
2026,Dir Upper,2,0.3578,55.695,0,,11,552,3,1200,1,3699,0.35
2026,Hangu,2,6.7455,46.3625,0.0143,528902,82,283,0,900,0,1097,0.2
2026,Haripur,2,7.3911,63.306,0,1174783,0,847,42,605,2,1725,0.65
2026,Karak,2,9.4911,55.3654,0,815878,49,323,2,500,0,3372,0.2
2026,Khyber,2,7.7131,42.82,0,1146267,80,340,52,1000,0,2576,0.2
2026,Kohat,2,9.7482,47.1195,0,1234661,28,352,3,500,0,2545,0.65
2026,Kohistan Lower,2,-17.7995,60.2895,0,340017,0,68,2,1500,2,1200,0.2
2026,Kohistan Upper,2,-17.7995,60.2895,0,422947,4,196,0,2500,2,4000,0.2
2026,Kolai Palas,2,-17.7995,60.2895,0,280162,0,83,1,,,,
2026,L & C Kurram,2,-0.9336,39.6845,0,,0,4,1,,,,
2026,Lakki Marwat,2,7.8208,73.5087,0,1040856,129,210,8,250,1,3164,0.2
2026,Malakand,2,9.1304,45.9766,0,,24,508,0,700,1,952,0.2
2026,Mansehra,2,4.9711,52.6497,0.1429,1797177,0,570,4,1000,0,4579,0.2
2026,Mardan,2,7.1491,75.9451,0,2744898,18,669,9,300,0,1632,0.65
2026,Mohmand,2,9.1304,45.9766,0,553933,54,31,2,600,0,2296,0.2
2026,North Waziristan,2,-7.1962,42.0519,0,693332,36,32,26,1000,1,4707,0.2
2026,Nowshera,2,7.8756,63.4514,0,1740705,75,910,4,280,2,1748,0.65
2026,Orakzai,2,5.7443,45.0782,0,387561,0,60,0,1200,0,1538,0.2
2026,Peshawar,2,7.6661,71.1536,0.0571,4758762,4,2559,13,330,0,1257,0.75
2026,Shangla,2,-0.3116,39.798,0,,59,563,12,2000,2,1586,0.35
2026,South Waziristan (Lower),2,5.8092,39.6683,0,,9,63,33,,,,
2026,SWU,2,5.8092,39.6683,0,,9,29,1,,,,
2026,Swabi,2,7.442,78.836,0,1894600,49,662,43,340,2,1543,0.65
2026,Swat,2,6.569,45.5516,0,,20,1570,49,980,1,5337,0.35
2026,Tank,2,8.5381,65.9997,0,470293,58,288,0,250,0,1679,0.2
2026,Tor Ghar,2,8.1451,63.4713,0,200445,14,48,8,,,,
2026,Upper Kurram,2,-0.9336,39.6845,0,785434,9,164,9,,,,
2026,Badin,3,17.7804,60.919,0,1947081,1618,1658,186,9,1,6726,0.35
2026,Dadu,3,14.5018,78.4886,0,1742320,3281,1955,279,40,2,19070,0.35
2026,Ghotki,3,14.183,73.5755,0,1772609,1232,668,75,72,1,6083,0.35
2026,Hyderabad,3,17.442,67.6589,0,2432540,338,1806,59,20,2,993,0.75
2026,Jacobabad,3,14.5286,68.977,0,1174097,810,515,71,55,0,2686,0.35
2026,Jamshoro,3,17.1792,67.8846,0,1117308,1633,1237,70,33,2,11204,0.35
2026,Kamber,3,14.761,70.3435,0,1514869,2110,1227,91,50,0,5599,0.2
2026,Karachi Central,3,19.8637,61.1814,0,3822325,14,1606,2,,,,
2026,Karachi East,3,19.2286,62.8051,0,3950031,19,258,3,,,,
2026,Karachi Keamari,3,,,,2068451,6,500,0,,,,
2026,Karachi Korangi,3,19.6961,63.3898,0.0286,3128971,66,305,4,,,,
2026,Karachi Malir,3,19.2286,62.8051,0,2403959,35,799,29,,,,
2026,Karachi South,3,17.9283,65.3093,0,2329764,16,66,0,,,,
2026,Karachi West,3,19.4753,64.4735,0.0286,2679380,335,847,21,,,,
2026,Kashmore,3,13.9655,73.1872,0,1233957,1599,169,23,60,2,2592,0.35
2026,Khairpur,3,14.0708,73.7882,0,2597535,3525,2668,295,53,2,15910,0.5
2026,Larkana,3,14.8798,69.068,0,1784453,3438,1157,239,48,2,1906,0.5
2026,Matiari,3,16.4774,68.0292,0,849383,1728,1032,51,25,2,1417,0.2
2026,Mirpurkhas,3,15.6155,71.1207,0,1681386,1102,1821,92,16,0,2925,0.5
2026,Naushero Feroze,3,14.2696,77.4471,0,1777082,1481,1500,224,38,2,2945,0.2
2026,Sanghar,3,14.8557,68.8445,0,2308465,2963,1477,65,16,1,10608,0.2
2026,Shaheed Benazirabad,3,14.431,78.8726,0,1845102,1631,1154,79,30,2,4502,0.5
2026,Shikarpur,3,15.0315,65.3941,0,1386330,1471,836,148,52,1,2512,0.35
2026,Sujawal,3,18.1777,66.7822,0,839292,781,1372,79,,,,
2026,Sukkur,3,14.1914,73.4168,0,1639897,1105,822,107,65,2,5165,0.75
2026,Tando Allahyar,3,16.5628,67.2174,0,922012,961,764,80,18,0,2343,0.2
2026,Tando Muhammad Khan,3,17.1405,67.6928,0,726119,416,772,85,14,2,1733,0.2
2026,Tharparkar,3,16.689,54.9936,0,1778407,1505,1782,101,56,0,19638,0.35
2026,Thatta,3,17.9687,69.5918,0,1083191,741,1297,14,10,2,17355,0.35
2026,Umerkot,3,16.0818,58.5012,0,1159831,1746,1309,87,12,0,5608,0.35
2026,Awaran,3,,,,178958,NR,NR,NR,500,0,29510,0.2
2026,Barkhan,3,12.0223,50.0082,0,210249,29,54,21,1100,0,3514,0.2
2026,Chagai,3,13.892,36.2941,0,269192,34,92,6,919,0,44748,0.2
2026,Chaman,3,,,,466218,NR,NR,NR,1340,0,1341,0.2
2026,Dera Bugti,3,13.8605,61.0292,0,355274,0,2,0,250,0,10160,0.2
2026,Duki,3,,,,205044,NR,NR,NR,1100,0,4233,0.2
2026,Gwadar,3,20.776,64.9706,0.0429,305160,49,283,12,12,0,12637,0.35
2026,Harnai,3,,,,127571,37,184,0,,,,
2026,Hub,3,17.9393,66.1772,0,382885,54,210,6,,,,
2026,Jaffarabad,3,,,,594558,136,168,5,55,1,1643,0.2
2026,Jhal Magsi,3,,,,203368,174,137,5,60,0,3615,0.2
2026,Kachhi (Bolan),3,13.3645,36.6945,0,,273,239,0,,,,
2026,Kalat,3,6.4595,42.196,0,271560,0,0,0,2000,0,7654,0.2
2026,Kech (Turbat),3,,,,1060931,175,436,NR,,,,
2026,Kharan,3,15.1426,33.577,0,260352,13,144,5,700,0,14958,0.2
2026,Khuzdar,3,12.5303,38.2392,0,997214,36,99,32,1237,0,35380,0.2
2026,Killa Abdullah,3,9.6828,41.1334,0,361971,2,119,14,1500,0,3553,0.2
2026,Killa Saifullah,3,8.7938,41.1448,0,380200,141,144,28,1500,0,6831,0.2
2026,Kohlu,3,11.4701,45.9509,0,260220,45,100,10,1000,0,7610,0.2
2026,Lasbella,3,18.2583,71.1428,0,680977,230,340,6,,,,
2026,Loralai,3,8.0571,48.8602,0,272432,20,193,19,1400,0,3785,0.2
2026,Mastung,3,6.3414,49.1114,0,313271,26,111,6,1700,0,3308,0.2
2026,MusaKhel,3,9.2068,42.607,0,196756,NR,NR,NR,,,,
2026,Naseerabad,3,14.7327,67.6995,0,563315,121,260,20,,,,
2026,Nushki,3,12.0676,40.6806,0,207834,1,67,1,900,0,5797,0.2
2026,Panjgur,3,13.3583,51.2199,0,509781,NR,NR,NR,900,0,16891,0.2
2026,Pishin,3,7.0482,49.5156,0,835482,10,211,14,1550,0,6218,0.2
2026,Quetta,3,7.665,48.0855,0,2595492,5,237,11,1680,0,3447,0.75
2026,Sherani,3,,,,191687,NR,NR,NR,1500,0,2700,0.2
2026,Sibi,3,13.4827,62.4682,0,224148,157,397,35,130,0,7121,0.2
2026,Sohbat pur,3,14.5667,68.5347,0,240106,28,129,10,,,,
2026,Surab,3,7.0488,42.6564,0,279038,0,8,0,,,,
2026,Usta Muhammad,3,14.0095,72.9422,0,,67,354,2,,,,
2026,Washuk,3,10.8589,46.8582,0,302623,NR,NR,NR,700,0,33093,0.2
2026,Zhob,3,9.3089,37.0159,0,355692,0,37,0,1400,0,20297,0.2
2026,Ziarat,3,,,,189535,35,95,23,2400,0,3301,0.2
2026,Abbottabad,3,10.8307,39.2046,0.3714,1419072,0,508,17,1256,0,1967,0.75
2026,Bajaur,3,8.6381,31.7682,0.0714,,96,469,3,900,0,1290,0.2
2026,Bannu,3,10.8994,63.9457,0,1357890,1143,610,89,312,1,1227,0.2
2026,Battagram,3,5.1122,47.9629,0.5286,335984,7,208,1,1036,0,1301,0.2
2026,Buner,3,10.1206,50.4129,0.2,,96,183,5,700,0,1865,0.35
2026,Charsadda,3,8.7318,75.8732,0.3,1835504,148,1249,73,300,2,996,0.2
2026,Chitral Lower,3,1.3091,38.6923,0,,1,322,2,1500,1,6458,0.35
2026,Chitral Upper,3,1.3091,38.6923,0,195528,1,74,8,2500,1,8392,0.2
2026,D.I. Khan,3,10.578,85.587,0,1829811,93,1126,0,,,,
2026,Dir Lower,3,10.156,62.419,0.0143,,38,849,18,800,1,1583,0.35
2026,Dir Upper,3,3.836,51.4648,0.5,,5,616,14,1200,1,3699,0.35
2026,Hangu,3,9.4896,50.8675,0.0143,528902,65,237,0,900,0,1097,0.2
2026,Haripur,3,9.3226,60.4577,0.6143,1174783,0,1053,35,605,2,1725,0.65
2026,Karak,3,11.508,60.0411,0.0143,815878,52,296,6,500,0,3372,0.2
2026,Khyber,3,9.7866,51.5229,0.0286,1146267,94,332,57,1000,0,2576,0.2
2026,Kohat,3,11.2295,57.8132,0,1234661,25,347,4,500,0,2545,0.65
2026,Kohistan Lower,3,-13.2322,74.8185,0,340017,0,63,0,1500,2,1200,0.2
2026,Kohistan Upper,3,-13.2322,74.8185,0,422947,2,216,1,2500,2,4000,0.2
2026,Kolai Palas,3,-13.2322,74.8185,0,280162,1,24,2,,,,
2026,L & C Kurram,3,1.453,49.4326,0.1286,,0,5,0,,,,
2026,Lakki Marwat,3,9.6988,80.8391,0.0143,1040856,123,227,9,250,1,3164,0.2
2026,Malakand,3,11.1875,48.4102,0,,19,422,0,700,1,952,0.2
2026,Mansehra,3,7.3458,49.4091,0.7857,1797177,NR,525,19,1000,0,4579,0.2
2026,Mardan,3,8.3848,76.9393,0.1429,2744898,31,687,28,300,0,1632,0.65
2026,Mohmand,3,11.1875,48.4102,0,553933,53,27,3,600,0,2296,0.2
2026,North Waziristan,3,-1.7524,50.2291,0,693332,61,76,47,1000,1,4707,0.2
2026,Nowshera,3,8.6976,74.5918,0.0714,1740705,51,984,7,280,2,1748,0.65
2026,Orakzai,3,8.4202,50.4304,0.0143,387561,1,36,0,1200,0,1538,0.2
2026,Peshawar,3,9.5107,73.2196,0.0143,4758762,10,2390,29,330,0,1257,0.75
2026,Shangla,3,4.267,36.2755,0.1714,,54,276,25,2000,2,1586,0.35
2026,South Waziristan (Lower),3,9.4196,43.4185,0,,11,84,9,,,,
2026,SWU,3,9.4196,43.4185,0,,2,48,0,,,,
2026,Swabi,3,8.144,80.1358,0.2286,1894600,56,798,34,340,2,1543,0.65
2026,Swat,3,9.3244,46.8133,0.0429,,18,1462,7,980,1,5337,0.35
2026,Tank,3,10.6545,70.0873,0,470293,79,336,0,250,0,1679,0.2
2026,Tor Ghar,3,10.0766,60.6334,0.6143,200445,21,57,10,,,,
2026,Upper Kurram,3,1.453,49.4326,0.1286,785434,11,159,6,,,,
2026,Badin,4,17.5946,48.6285,0.0571,1947081,1941,2017,176,9,1,6726,0.35
2026,Dadu,4,13.9583,66.3817,1.1,1742320,3082,1941,338,40,2,19070,0.35
2026,Ghotki,4,13.7976,62.896,1.5571,1772609,1215,609,70,72,1,6083,0.35
2026,Hyderabad,4,16.6262,54.2885,0.0286,2432540,443,2246,63,20,2,993,0.75
2026,Jacobabad,4,13.8967,57.9757,1.2429,1174097,895,543,82,55,0,2686,0.35
2026,Jamshoro,4,16.294,52.8602,0,1117308,1847,1393,63,33,2,11204,0.35
2026,Kamber,4,14.4479,58.6636,0.5857,1514869,2425,1324,101,50,0,5599,0.2
2026,Karachi Central,4,17.4247,51.74,1.5714,3822325,13,1567,67,,,,
2026,Karachi East,4,16.8557,54.1238,0.5571,3950031,16,300,0,,,,
2026,Karachi Keamari,4,,,,2068451,1,542,0,,,,
2026,Karachi Korangi,4,17.597,52.5227,0.7714,3128971,56,400,1,,,,
2026,Karachi Malir,4,16.8557,54.1238,0.5571,2403959,92,1142,10,,,,
2026,Karachi South,4,15.7994,53.4694,0.7,2329764,14,84,0,,,,
2026,Karachi West,4,17.161,52.7784,1.4,2679380,269,758,22,,,,
2026,Kashmore,4,13.6253,61.8627,1.6143,1233957,1773,198,0,60,2,2592,0.35
2026,Khairpur,4,13.5515,65.6061,1.1429,2597535,3573,2701,142,53,2,15910,0.5
2026,Larkana,4,14.3994,59.1277,0.5,1784453,3412,1305,3,48,2,1906,0.5
2026,Matiari,4,16.1164,53.4721,0.0286,849383,2003,967,1,25,2,1417,0.2
2026,Mirpurkhas,4,15.619,59.4721,0.1286,1681386,1410,2121,7,16,0,2925,0.5
2026,Naushero Feroze,4,13.5655,68.3475,1.4714,1777082,979,1178,36,38,2,2945,0.2
2026,Sanghar,4,15.486,61.1826,1.2714,2308465,3159,1528,21,16,1,10608,0.2
2026,Shaheed Benazirabad,4,13.9402,67.2343,1.3,1845102,1966,1301,79,30,2,4502,0.5
2026,Shikarpur,4,14.5554,55.1962,1.3857,1386330,1625,867,6,52,1,2512,0.35
2026,Sujawal,4,17.5438,52.4459,0.0286,839292,883,804,12,,,,
2026,Sukkur,4,13.7009,64.8833,0.7429,1639897,1091,872,2,65,2,5165,0.75
2026,Tando Allahyar,4,16.2679,53.8033,0.0857,922012,859,739,6,18,0,2343,0.2
2026,Tando Muhammad Khan,4,16.8092,52.2033,0.0429,726119,534,762,0,14,2,1733,0.2
2026,Tharparkar,4,16.9327,48.797,0.2571,1778407,1448,1854,15,56,0,19638,0.35
2026,Thatta,4,17.2298,55.0859,0.0857,1083191,847,1035,10,10,2,17355,0.35
2026,Umerkot,4,16.6646,49.843,0.3,1159831,1648,1316,27,12,0,5608,0.35
2026,Awaran,4,,,,178958,NR,NR,NR,500,0,29510,0.2
2026,Barkhan,4,8.4548,51.6691,0.7,210249,25,59,25,1100,0,3514,0.2
2026,Chagai,4,8.4571,45.3691,1.9714,269192,23,68,1,919,0,44748,0.2
2026,Chaman,4,,,,466218,NR,NR,NR,1340,0,1341,0.2
2026,Dera Bugti,4,11.5576,55.5717,0.8857,355274,0,3,0,250,0,10160,0.2
2026,Duki,4,,,,205044,NR,NR,NR,1100,0,4233,0.2
2026,Gwadar,4,18.6746,46.458,0.2143,305160,23,233,3,12,0,12637,0.35
2026,Harnai,4,,,,127571,37,138,0,,,,
2026,Hub,4,15.872,55.3123,1.5857,382885,37,142,1,,,,
2026,Jaffarabad,4,,,,594558,52,79,2,55,1,1643,0.2
2026,Jhal Magsi,4,,,,203368,120,160,0,60,0,3615,0.2
2026,Kachhi (Bolan),4,9.2368,38.042,2.2143,,314,254,0,,,,
2026,Kalat,4,0.8289,44.6399,0.2286,271560,0,0,0,2000,0,7654,0.2
2026,Kech (Turbat),4,,,,1060931,NR,NR,NR,,,,
2026,Kharan,4,9.4589,47.2614,1.4286,260352,10,139,5,700,0,14958,0.2
2026,Khuzdar,4,7.252,39.2726,0.5,997214,NR,NR,NR,1237,0,35380,0.2
2026,Killa Abdullah,4,4.3429,47.0172,2.9,361971,2,78,16,1500,0,3553,0.2
2026,Killa Saifullah,4,3.3688,46.7091,0.9286,380200,94,145,12,1500,0,6831,0.2
2026,Kohlu,4,7.7615,51.363,0.6571,260220,11,58,NR,1000,0,7610,0.2
2026,Lasbella,4,15.9753,53.8804,3.7143,680977,211,275,6,,,,
2026,Loralai,4,3.7202,53.2762,1.2714,272432,9,152,20,1400,0,3785,0.2
2026,Mastung,4,0.5021,54.1298,0.3714,313271,14,111,7,1700,0,3308,0.2
2026,MusaKhel,4,4.6074,52.0162,1.3714,196756,NR,NR,NR,,,,
2026,Naseerabad,4,14.147,57.3156,0.5571,563315,93,266,26,,,,
2026,Nushki,4,6.6152,46.8467,1.2143,207834,2,28,0,900,0,5797,0.2
2026,Panjgur,4,8.6613,43.7639,1.0429,509781,NR,NR,NR,900,0,16891,0.2
2026,Pishin,4,1.7185,52.7545,2.8714,835482,NR,NR,NR,1550,0,6218,0.2
2026,Quetta,4,1.687,53.504,0.7286,2595492,7,256,16,1680,0,3447,0.75
2026,Sherani,4,,,,191687,NR,NR,NR,1500,0,2700,0.2
2026,Sibi,4,12.1086,51.2615,0.8429,224148,124,426,46,130,0,7121,0.2
2026,Sohbat pur,4,14.1074,56.9353,0.4143,240106,NR,NR,NR,,,,
2026,Surab,4,2.189,46.0539,0.3857,279038,0,6,0,,,,
2026,Usta Muhammad,4,13.4369,62.892,0.2571,,35,211,0,,,,
2026,Washuk,4,5.5137,46.3806,0.2857,302623,NR,NR,NR,700,0,33093,0.2
2026,Zhob,4,4.1679,49.0929,0.9714,355692,0,13,0,1400,0,20297,0.2
2026,Ziarat,4,,,,189535,11,67,23,2400,0,3301,0.2
2026,Abbottabad,4,6.0592,64.0677,7.4429,1419072,0,389,25,1256,0,1967,0.75
2026,Bajaur,4,4.1631,66.349,4.7857,,101,484,1,900,0,1290,0.2
2026,Bannu,4,9.108,66.3499,6.0143,1357890,874,625,72,312,1,1227,0.2
2026,Battagram,4,1.5759,72.5307,3.3714,335984,8,177,NR,1036,0,1301,0.2
2026,Buner,4,6.7435,68.4755,10.3286,,92,194,7,700,0,1865,0.35
2026,Charsadda,4,9.4634,72.878,5.0429,1835504,177,1402,78,300,2,996,0.2
2026,Chitral Lower,4,0.6573,61.5137,0,,3,167,2,1500,1,6458,0.35
2026,Chitral Upper,4,0.6573,61.5137,0,195528,1,53,7,2500,1,8392,0.2
2026,D.I. Khan,4,11.2411,70.5235,1.1,1829811,89,1153,0,,,,
2026,Dir Lower,4,9.5521,70.187,4.3857,,50,699,16,800,1,1583,0.35
2026,Dir Upper,4,1.0459,74.5851,0.1571,,8,467,3,1200,1,3699,0.35
2026,Hangu,4,6.2494,68.6839,5.3714,528902,57,230,0,900,0,1097,0.2
2026,Haripur,4,7.9601,75.128,4.9429,1174783,0,748,0,605,2,1725,0.65
2026,Karak,4,9.4539,64.5957,4.6857,815878,52,285,3,500,0,3372,0.2
2026,Khyber,4,7.1429,66.2528,4.3857,1146267,54,246,33,1000,0,2576,0.2
2026,Kohat,4,9.5205,65.4608,3.9143,1234661,30,367,9,500,0,2545,0.65
2026,Kohistan Lower,4,-15.6909,80.0071,0,340017,0,91,0,1500,2,1200,0.2
2026,Kohistan Upper,4,-15.6909,80.0071,0,422947,3,186,1,2500,2,4000,0.2
2026,Kolai Palas,4,-15.6909,80.0071,0,280162,0,41,1,,,,
2026,L & C Kurram,4,-4.0339,76.3477,0.8571,,3,10,2,,,,
2026,Lakki Marwat,4,9.4446,70.3671,4.0714,1040856,109,196,9,250,1,3164,0.2
2026,Malakand,4,9.208,63.6719,6.1429,,12,436,0,700,1,952,0.2
2026,Mansehra,4,2.5845,73.4635,10.4714,1797177,0,442,20,1000,0,4579,0.2
2026,Mardan,4,9.3009,73.6445,5.5714,2744898,38,716,17,300,0,1632,0.65
2026,Mohmand,4,9.208,63.6719,6.1429,553933,44,32,0,600,0,2296,0.2
2026,North Waziristan,4,-6.6506,74.0046,0.1,693332,59,29,36,1000,1,4707,0.2
2026,Nowshera,4,9.3274,74.3878,6.3571,1740705,66,987,11,280,2,1748,0.65
2026,Orakzai,4,5.0946,69.0076,4.9714,387561,0,42,0,1200,0,1538,0.2
2026,Peshawar,4,9.5426,74.113,4.0286,4758762,7,2334,7,330,0,1257,0.75
2026,Shangla,4,-0.6896,63.846,0.0429,,32,324,3,2000,2,1586,0.35
2026,South Waziristan (Lower),4,5.3789,53.9661,2.2857,,12,58,8,,,,
2026,SWU,4,5.3789,53.9661,2.2857,,8,31,0,,,,
2026,Swabi,4,8.9536,78.7447,8.1,1894600,57,777,33,340,2,1543,0.65
2026,Swat,4,4.8928,71.6197,6,,8,1300,25,980,1,5337,0.35
2026,Tank,4,10.1179,62.2963,1.8143,470293,78,365,0,250,0,1679,0.2
2026,Tor Ghar,4,8.7141,75.2468,4.9429,200445,24,46,4,,,,
2026,Upper Kurram,4,-4.0339,76.3477,0.8571,785434,7,106,5,,,,
2026,Badin,5,17.6833,47.3445,0,1947081,1969,1597,48,9,1,6726,0.35
2026,Dadu,5,14.4494,68.246,0.1714,1742320,3075,1782,124,40,2,19070,0.35
2026,Ghotki,5,14.7116,63.3664,0.0714,1772609,1842,745,0,72,1,6083,0.35
2026,Hyderabad,5,16.9673,52.402,0.0714,2432540,662,1894,1,20,2,993,0.75
2026,Jacobabad,5,14.7018,60.178,0.0857,1174097,967,522,10,55,0,2686,0.35
2026,Jamshoro,5,16.8586,51.0381,0.0571,1117308,1620,1197,27,33,2,11204,0.35
2026,Kamber,5,15.3789,58.6009,0.5714,1514869,2286,1317,16,50,0,5599,0.2
2026,Karachi Central,5,18.8033,45.7151,0,3822325,17,1555,75,,,,
2026,Karachi East,5,18.3167,46.7496,0.0286,3950031,24,317,0,,,,
2026,Karachi Keamari,5,,,,2068451,3,622,9,,,,
2026,Karachi Korangi,5,18.997,45.6031,0,3128971,69,328,13,,,,
2026,Karachi Malir,5,18.3167,46.7496,0.0286,2403959,116,1185,17,,,,
2026,Karachi South,5,16.986,47.9752,0,2329764,9,84,0,,,,
2026,Karachi West,5,18.4732,48.1012,0,2679380,370,828,24,,,,
2026,Kashmore,5,14.3676,65.1198,0.1143,1233957,1591,201,0,60,2,2592,0.35
2026,Khairpur,5,14.5071,67.4767,0.0714,2597535,4241,2659,131,53,2,15910,0.5
2026,Larkana,5,15.5199,57.0026,0.2714,1784453,3089,1164,5,48,2,1906,0.5
2026,Matiari,5,16.3429,55.1883,0.4,849383,1848,984,1,25,2,1417,0.2
2026,Mirpurkhas,5,15.6869,59.8939,0,1681386,1201,2245,45,16,0,2925,0.5
2026,Naushero Feroze,5,14.428,67.7284,0.0143,1777082,1386,1400,35,38,2,2945,0.2
2026,Sanghar,5,15.7577,58.9426,0,2308465,3239,1534,11,16,1,10608,0.2
2026,Shaheed Benazirabad,5,14.469,68.8506,0,1845102,1758,1310,100,30,2,4502,0.5
2026,Shikarpur,5,15.6503,55.5438,0.6143,1386330,1642,836,4,52,1,2512,0.35
2026,Sujawal,5,17.953,46.5106,0,839292,723,1225,15,,,,
2026,Sukkur,5,14.5979,67.2189,0.1429,1639897,1327,857,5,65,2,5165,0.75
2026,Tando Allahyar,5,16.5497,53.607,0,922012,802,756,4,18,0,2343,0.2
2026,Tando Muhammad Khan,5,17.0801,50.3439,0,726119,405,655,0,14,2,1733,0.2
2026,Tharparkar,5,17.2798,48.2031,0,1778407,1412,1677,10,56,0,19638,0.35
2026,Thatta,5,17.6503,49.3109,0,1083191,817,993,9,10,2,17355,0.35
2026,Umerkot,5,16.817,50.7248,0,1159831,1619,1225,24,12,0,5608,0.35
2026,Awaran,5,,,,178958,NR,NR,NR,500,0,29510,0.2
2026,Barkhan,5,9.558,55.1455,0.1571,210249,9,17,18,1100,0,3514,0.2
2026,Chagai,5,9.7905,73.552,1.4571,269192,NR,NR,NR,919,0,44748,0.2
2026,Chaman,5,,,,466218,NR,NR,NR,1340,0,1341,0.2
2026,Dera Bugti,5,12.6174,59.6598,0.1571,355274,0,1,NR,250,0,10160,0.2
2026,Duki,5,,,,205044,NR,NR,NR,1100,0,4233,0.2
2026,Gwadar,5,17.9999,71.0094,4.9429,305160,35,90,4,12,0,12637,0.35
2026,Harnai,5,,,,127571,36,136,0,,,,
2026,Hub,5,17.1006,49.7134,0,382885,25,112,1,,,,
2026,Jaffarabad,5,,,,594558,7,19,0,55,1,1643,0.2
2026,Jhal Magsi,5,,,,203368,15,22,3,60,0,3615,0.2
2026,Kachhi (Bolan),5,10.4213,54.6583,1.0857,,290,254,0,,,,
2026,Kalat,5,3.3321,62.5658,0.1,271560,0,0,0,2000,0,7654,0.2
2026,Kech (Turbat),5,,,,1060931,3,73,1,,,,
2026,Kharan,5,10.5464,72.2217,0.8714,260352,3,105,6,700,0,14958,0.2
2026,Khuzdar,5,9.1511,57.1558,0.1714,997214,2,20,NR,1237,0,35380,0.2
2026,Killa Abdullah,5,5.5474,72.2753,4.8286,361971,0,12,0,1500,0,3553,0.2
2026,Killa Saifullah,5,4.7346,65.4316,0.9571,380200,24,31,6,1500,0,6831,0.2
2026,Kohlu,5,8.663,57.7058,0.6714,260220,4,9,1,1000,0,7610,0.2
2026,Lasbella,5,16.9196,52.1852,0.1714,680977,155,268,6,,,,
2026,Loralai,5,4.3604,71.8446,0.1857,272432,NR,NR,NR,1400,0,3785,0.2
2026,Mastung,5,2.4854,78.6398,1.4857,313271,3,112,7,1700,0,3308,0.2
2026,MusaKhel,5,5.5964,65.4226,1.0714,196756,92,74,10,,,,
2026,Naseerabad,5,15.2592,56.5505,0.1571,563315,116,215,13,,,,
2026,Nushki,5,7.8982,73.9993,3.1143,207834,NR,NR,NR,900,0,5797,0.2
2026,Panjgur,5,9.9943,70.3383,1.5429,509781,NR,NR,NR,900,0,16891,0.2
2026,Pishin,5,3.4051,76.0543,3.2571,835482,NR,NR,NR,1550,0,6218,0.2
2026,Quetta,5,3.2081,76.6201,1.2286,2595492,3,171,1,1680,0,3447,0.75
2026,Sherani,5,,,,191687,NR,NR,NR,1500,0,2700,0.2
2026,Sibi,5,13.6461,55.9473,0.1429,224148,87,155,10,130,0,7121,0.2
2026,Sohbat pur,5,14.831,59.8174,0.1,240106,NR,NR,NR,,,,
2026,Surab,5,3.8833,63.742,0.2,279038,NR,NR,NR,,,,
2026,Usta Muhammad,5,14.5539,61.8394,0.0429,,46,167,0,,,,
2026,Washuk,5,6.7795,72.4266,0.9857,302623,NR,NR,NR,700,0,33093,0.2
2026,Zhob,5,5.1387,60.2432,1.2143,355692,0,18,1,1400,0,20297,0.2
2026,Ziarat,5,,,,189535,NR,NR,NR,2400,0,3301,0.2
2026,Abbottabad,5,7.3075,67.4199,3.8143,1419072,0,369,18,1256,0,1967,0.75
2026,Bajaur,5,5.8705,54.3923,1.9857,,104,418,3,900,0,1290,0.2
2026,Bannu,5,10.8548,58.42,0,1357890,947,583,66,312,1,1227,0.2
2026,Battagram,5,2.1943,71.4343,4.1714,335984,4,159,2,1036,0,1301,0.2
2026,Buner,5,8.8226,64.1274,3.3857,,77,140,4,700,0,1865,0.35
2026,Charsadda,5,10.1095,67.494,1.8286,1835504,152,1433,184,300,2,996,0.2
2026,Chitral Lower,5,0.9692,57.327,0,,5,251,5,1500,1,6458,0.35
2026,Chitral Upper,5,0.9692,57.327,0,195528,0,51,3,2500,1,8392,0.2
2026,D.I. Khan,5,11.8622,66.9582,0.0429,1829811,91,1366,0,,,,
2026,Dir Lower,5,10.5446,60.4659,1.8429,,49,835,19,800,1,1583,0.35
2026,Dir Upper,5,1.0173,69.3123,0.3143,,5,630,8,1200,1,3699,0.35
2026,Hangu,5,7.3039,58.8797,0.3429,528902,16,238,0,900,0,1097,0.2
2026,Haripur,5,8.7932,75.1866,1.9857,1174783,0,750,0,605,2,1725,0.65
2026,Karak,5,10.7949,54.3911,0.0429,815878,26,220,1,500,0,3372,0.2
2026,Khyber,5,8.4851,56.4649,0.8714,1146267,33,180,11,1000,0,2576,0.2
2026,Kohat,5,10.4589,56.0394,0.1571,1234661,18,421,6,500,0,2545,0.65
2026,Kohistan Lower,5,-14.7495,77.9906,0,340017,0,121,0,1500,2,1200,0.2
2026,Kohistan Upper,5,-14.7495,77.9906,0,422947,5,266,0,2500,2,4000,0.2
2026,Kolai Palas,5,-14.7495,77.9906,0,280162,0,79,0,,,,
2026,L & C Kurram,5,-4.6678,70.4518,0,,1,23,0,,,,
2026,Lakki Marwat,5,10.1068,67.368,0.0857,1040856,118,317,8,250,1,3164,0.2
2026,Malakand,5,9.9158,62.018,1.8286,,11,426,0,700,1,952,0.2
2026,Mansehra,5,5.3557,70.6478,5.7714,1797177,0,493,25,1000,0,4579,0.2
2026,Mardan,5,9.7161,76.7176,1.7286,2744898,12,745,7,300,0,1632,0.65
2026,Mohmand,5,9.9158,62.018,1.8286,553933,43,27,3,600,0,2296,0.2
2026,North Waziristan,5,-6.5003,69.166,0.0571,693332,65,41,24,1000,1,4707,0.2
2026,Nowshera,5,10.0298,67.5134,1.6714,1740705,45,806,9,280,2,1748,0.65
2026,Orakzai,5,6.1012,58.8817,0.3,387561,1,34,0,1200,0,1538,0.2
2026,Peshawar,5,9.9437,74.4727,0.7429,4758762,12,2850,27,330,0,1257,0.75
2026,Shangla,5,0.5738,59.7864,0.0571,,76,489,16,2000,2,1586,0.35
2026,South Waziristan (Lower),5,6.3301,58.5637,1.1286,,14,70,5,,,,
2026,SWU,5,6.3301,58.5637,1.1286,,14,24,0,,,,
2026,Swabi,5,9.5586,79.8716,1.6571,1894600,58,820,24,340,2,1543,0.65
2026,Swat,5,6.7169,69.144,4,,14,1383,24,980,1,5337,0.35
2026,Tank,5,11.2223,57.333,0,470293,88,394,0,250,0,1679,0.2
2026,Tor Ghar,5,9.5472,75.3048,1.9857,200445,13,83,11,,,,
2026,Upper Kurram,5,-4.6678,70.4518,0,785434,10,144,7,,,,
