year,district,week_index,avg_rainfall,avg_temperature,avg_humidity,flood_inundation,mean_ndvi,stagnant_water,malaria_cases,ad_cases,typhoid_cases
2026,Badin,6,0,21.3485,42.2058,0.232702155,0.101047589,0.210716068,1536,1781,38
2026,Dadu,6,0,18.5429,63.9464,0.456199979,0.176935675,0.2918198,3244,1952,137
2026,Ghotki,6,0,18.2152,63.0965,0.579985503,0.208127957,0.57576943,1348,659,0
2026,Hyderabad,6,0,20.7798,47.9466,0.253420362,,0.206536787,496,1824,3
2026,Jacobabad,6,0,19.0631,55.7464,0.46999086,0.302245313,0.369438326,747,447,19
2026,Jamshoro,6,0,20.6286,46.9388,,,,1228,1152,39
2026,Kamber,6,0,19.7098,54.526,,,,2211,1237,20
2026,Karachi Central,6,0,22.6723,44.7986,0,0.058196803,,8,1119,47
2026,Karachi East,6,0,22.25,43.9236,0.057913427,0.08701139,,28,273,1
2026,Karachi Keamari,6,0,22.4054,50.0262,,,,5,542,0
2026,Karachi Korangi,6,0,22.689,45.7191,,,,37,238,1
2026,Karachi Malir,6,0,22.25,43.9236,,,,74,996,7
2026,Karachi South,6,0,21.4092,41.0639,0.109818532,0.086411805,,8,62,0
2026,Karachi West,6,0,22.2292,50.123,0.51885277,0.09132774,0.548157315,372,773,22
2026,Kashmore,6,0,17.689,66.1221,,,,1615,184,1
2026,Khairpur,6,0,18.1378,65.2171,0.707841703,0.146307696,0.648622378,3226,2265,113
2026,Larkana,6,0,19.7104,54.9586,0.575259408,0.289613475,0.255948348,2746,1127,7
2026,Matiari,6,0,20.0086,50.944,,,,1456,955,0
2026,Mirpurkhas,6,0,19.4429,53.1023,,,,885,1636,7
2026,Naushero Feroze,6,0,18.5943,61.5665,,,,873,906,25
2026,Sanghar,6,0,20.4601,43.8659,0.320626692,0.142713187,0.297459582,2850,1302,19
2026,Shaheed Benazirabad,6,0,18.0003,65.9965,0.519841214,0.266527612,0.386913022,1577,1063,70
2026,Shikarpur,6,0,19.9241,52.2651,0.485943369,0.319294471,0.318702911,1335,738,5
2026,Sujawal,6,0,21.6542,44.4797,,,,652,1556,14
2026,Sukkur,6,0.0143,18.0485,66.5137,0.514275167,0.189475621,0.494292067,1043,812,3
2026,Tando Allahyar,6,0,20.3402,47.7854,,,,737,672,4
2026,Tando Muhammad Khan,6,0,20.631,46.7766,,,,282,593,0
2026,Tharparkar,6,0,21.8167,34.946,0.960527386,0.10699441,0.953796859,1262,1368,6
2026,Thatta,6,0,21.4461,46.3019,0.520463956,0.130012459,0.604460836,506,1300,10
2026,Umerkot,6,0,21.058,38.0967,0.99659525,0.134610815,0.99548073,1170,1151,7
2026,Awaran,6,,,,0.335369939,0.04615059,0.261128785,NR,NR,NR
2026,Barkhan,6,0.1429,12.8446,56.7799,0.286870477,0.109871487,0.272245387,17,77,10
2026,Chagai,6,0.0857,15.5976,44.0738,0.831154048,0.032102918,0.871396566,15,49,3
2026,Chaman,6,,,,,,,NR,NR,NR
2026,Dera Bugti,6,0,16.0344,58.0522,0.460405043,0.091404498,0.440128498,10,20,4
2026,Duki,6,,,,,,,NR,NR,NR
2026,Gwadar,6,0.0143,21.3079,74.0246,0.691504872,0.039339949,0.602583058,65,261,14
2026,Harnai,6,,,,,,,39,182,0
2026,Hub,6,0,21.1324,44.7622,,,,26,54,0
2026,Jaffarabad,6,,,,0.455333648,0.326013626,0.270872901,74,70,11
2026,Jhal Magsi,6,0,18.3375,56.6899,0.75831021,0.124332108,0.686359749,79,67,0
2026,Kachhi (Bolan),6,0.1857,14.082,50.8874,,,,252,165,0
2026,Kalat,6,0.1,6.5131,52.6578,0.254690432,0.032916093,0.174850869,0,5,0
2026,Kech (Turbat),6,,,,0.405477022,0.042150412,0.360069891,192,201,6
2026,Kharan,6,0.0286,17.1226,37.379,0.720784555,0.032860255,0.678120042,5,108,4
2026,Khuzdar,6,0.0429,13.2672,50.9946,0.206659785,0.068289441,0.116699261,62,97,19
2026,Killa Abdullah,6,0.0429,9.828,55.9916,,,,0,74,5
2026,Killa Saifullah,6,0,8.4168,51.9073,0.684488598,0.058898376,0.603359607,NR,NR,NR
2026,Kohlu,6,0.1429,11.9502,56.3359,0.201887309,0.085649152,0.17339187,8,16,9
2026,Lasbella,6,0,20.8682,49.9618,0.502287243,0.096330696,0.552985034,188,273,4
2026,Loralai,6,0.0286,7.7854,63.9554,0.367954768,0.077156163,0.316659922,9,156,22
2026,Mastung,6,0,6.7795,61.5754,0.361952606,,0.03801984,10,131,0
2026,MusaKhel,6,0.0571,9.2152,57.0666,0.232749528,0.093679934,0.207497595,NR,NR,NR
2026,Naseerabad,6,0,19.6473,53.094,,,,128,253,40
2026,Nushki,6,0,11.9875,58.3981,,,,0,51,0
2026,Panjgur,6,0,15.4045,49.1497,0.376114206,0.034628622,0.362737828,NR,NR,NR
2026,Pishin,6,0.1857,7.1738,59.6717,0.848903388,,0.697669087,NR,NR,NR
2026,Quetta,6,0.6714,7.4307,60.008,1,,0,0,224,1
2026,Sherani,6,,,,,,,NR,NR,NR
2026,Sibi,6,0,16.8949,56.4752,0.303528131,0.075628182,0.172346954,212,313,37
2026,Sohbat pur,6,0,19.3003,54.4904,,,,NR,NR,NR
2026,Surab,6,0.0429,7.1616,55.6854,,,,0,6,0
2026,Usta Muhammad,6,0,18.6479,60.2417,,,,87,951,1
2026,Washuk,6,0.0429,12.1116,50.5107,,,,NR,NR,NR
2026,Zhob,6,0,8.7342,51.3555,0.482326639,0.056329297,0.474852021,0,23,0
2026,Ziarat,6,,,,0.48922347,,0.230113694,13,81,14
2026,Abbottabad,6,1.6714,9.3953,54.6113,0.006701024,0.226970574,0.014084267,0,484,28
2026,Bajaur,6,0.7714,7.6277,47.4617,,0.092310031,,77,513,72
2026,Bannu,6,0.0857,13.217,54.5539,0.343009143,,0.271252096,852,513,0
2026,Battagram,6,1.3429,1.814,66.5698,0.072292083,0.131693988,0.006088418,3,229,2
2026,Buner,6,1.1714,10.028,58.1617,0.034006926,0.258513648,0.004009727,73,107,NR
2026,Charsadda,6,0.3714,11.7238,63.7328,,0.267584342,,113,832,0
2026,Chitral Lower,6,0,1.5147,47.9487,,,,5,245,11
2026,Chitral Upper,6,0,1.5147,47.9487,,,,0,53,3
2026,D.I. Khan,6,0,14.2057,68.0354,0.539309858,0.205290457,0.484507367,84,1186,0
2026,Dir Lower,6,0.2286,12.4321,53.0025,,0.272602445,,41,907,0
2026,Dir Upper,6,0.3714,1.5164,68.489,0.192595722,0.046446653,0.042454997,6,538,0
2026,Hangu,6,0.1857,9.5935,52.5092,0.335830679,,0.245689244,44,189,0
2026,Haripur,6,3.6429,9.7277,70.1572,0.142749719,0.225508466,0.12410299,0,709,0
2026,Karak,6,0.0286,13.2345,49.9644,0.654078506,,0.5327964,60,17,0
2026,Khyber,6,0.6857,10.5208,49.3458,0.188149322,0.01088433,0.073859225,52,184,3
2026,Kohat,6,0.0857,12.6759,49.5946,0.196445013,0.136042506,0.097658528,9,0,0
2026,Kohistan Lower,6,0,-13.9266,77.4715,,,,0,61,0
2026,Kohistan Upper,6,0,-13.9266,77.4715,,,,1,182,0
2026,Kolai Palas,6,0,-13.9266,77.4715,,,,0,59,0
2026,L & C Kurram,6,0.2429,-1.1163,64.1128,0.070980453,0.099737175,0.036320068,8,32,1
2026,Lakki Marwat,6,0,12.1667,66.294,0.820954773,0.120476397,0.756126879,111,291,0
2026,Malakand,6,0.3286,11.7476,54.6442,,0.250468711,,12,437,48
2026,Mansehra,6,1.2571,6.9399,62.6418,0.091944298,0.136294361,0.033166568,0,519,0
2026,Mardan,6,0.3,10.7042,74.2265,0.204780915,0.280477951,0.02723711,22,737,2
2026,Mohmand,6,0.3286,11.7476,54.6442,0.656676228,0.07237995,0.3601241,48,54,128
2026,North Waziristan,6,0.0286,-4.0899,61.8872,0.134414823,0.09796675,0.113482037,39,16,63
2026,Nowshera,6,0.3286,11.4905,63.2736,0.51922872,0.185905049,0.363967358,68,797,18
2026,Orakzai,6,0.2,8.422,52.9636,0.202437205,,0.073874727,0,53,0
2026,Peshawar,6,0.0143,11.9429,63.4576,,0.236386698,,6,2674,0
2026,Shangla,6,0.0286,2.125,47.5477,0.014806478,0.198905937,0.004940332,95,512,0
2026,South Waziristan (Lower),6,0.2,9.7905,49.7862,0.144376992,0.092162617,0.102074305,12,30,19
2026,SWU,6,0.2,9.7905,49.7862,0.144376992,0.092162617,0.102074305,11,20,21
2026,Swabi,6,2.0857,10.3196,77.915,0.28444768,0.280012451,0.14653765,44,720,65
2026,Swat,6,1.0857,9.0699,55.2781,0.114513335,0.084853789,0.03978202,20,1806,0
2026,Tank,6,0,13.5164,56.985,0.437759496,0.174916233,0.430320679,62,359,0
2026,Tor Ghar,6,3.6429,10.4817,70.2955,,,,26,75,0
2026,Upper Kurram,6,0.2429,-1.1163,64.1128,0.070980453,0.099737175,0.036320068,13,124,25
