Year,District,week_index,avg_rainfall,Avg_Temperature,Avg_Humidity,Population,People_Displaced,Fatalities,Days_Since_Flood_Start,Waterbody_Proximity,Malaria_cases,AD_cases,Typhoid_cases,avg_temp_C,avg_humidity_%,avg_rainfall_mm,Elevation_m,River_Status,Area_sq_km,Sanitation_Index
2026,Badin,1,,,,1947081.0,,,,,1948,1745,151,18.7557,61.3992,0.0714,9.0,1.0,6726.0,0.35
2026,Dadu,1,,,,1742320.0,,,,,3573,1984,324,15.5813,74.4181,0.1714,40.0,2.0,19070.0,0.35
2026,Ghotki,1,,,,1772609.0,,,,,2270,692,72,15.3705,71.4446,0.5286,72.0,1.0,6083.0,0.35
2026,Hyderabad,1,,,,2432540.0,,,,,432,2029,92,17.8643,65.8069,0.8571,20.0,2.0,993.0,0.75
2026,Jacobabad,1,,,,1174097.0,,,,,786,502,66,15.4396,68.2081,0.4,55.0,0.0,2686.0,0.35
2026,Jamshoro,1,,,,1117308.0,,,,,1662,1198,62,17.6485,64.4009,1.1286,33.0,2.0,11204.0,0.35
2026,Kamber,1,,,,1514869.0,,,,,1822,1282,90,15.8833,68.2155,0.0143,50.0,0.0,5599.0,0.2
2026,Karachi Central,1,,,,3822325.0,,,,,13,1522,0,19.7455,58.8449,0.1,,,,
2026,Karachi East,1,,,,3950031.0,,,,,34,211,1,18.9616,62.2786,0.2429,,,,
2026,Karachi Keamari,1,,,,2068451.0,,,,,2,501,0,,,,,,,
2026,Karachi Korangi,1,,,,3128971.0,,,,,100,373,9,19.7997,60.1836,0.1143,,,,
2026,Karachi Malir,1,,,,2403959.0,,,,,28,499,17,18.9616,62.2786,0.2429,,,,
2026,Karachi South,1,,,,2329764.0,,,,,15,71,0,17.808,63.7113,0.5857,,,,
2026,Karachi West,1,,,,2679380.0,,,,,344,760,18,19.4411,61.7655,0.2286,,,,
2026,Kashmore,1,,,,1233957.0,,,,,2002,238,33,15.2586,70.3573,1.3286,60.0,2.0,2592.0,0.35
2026,Khairpur,1,,,,2597535.0,,,,,3798,2510,227,16.0128,66.4719,0.2714,53.0,2.0,15910.0,0.5
2026,Larkana,1,,,,1784453.0,,,,,2944,1156,206,16.2655,65.6913,1.8143,48.0,2.0,1906.0,0.5
2026,Matiari,1,,,,849383.0,,,,,2003,1061,42,17.1488,66.8595,0.4857,25.0,2.0,1417.0,0.2
2026,Mirpurkhas,1,,,,1681386.0,,,,,1530,2246,138,16.6732,72.011,0.6286,16.0,0.0,2925.0,0.5
2026,Naushero Feroze,1,,,,1777082.0,,,,,1096,1211,241,15.8357,70.734,0.0714,38.0,2.0,2945.0,0.2
2026,Sanghar,1,,,,2308465.0,,,,,3300,1413,70,15.8381,76.9993,0.0429,16.0,1.0,10608.0,0.2
2026,Shaheed Benazirabad,1,,,,1845102.0,,,,,1846,1157,73,15.5247,75.0017,0.0857,30.0,2.0,4502.0,0.5
2026,Shikarpur,1,,,,1386330.0,,,,,1994,755,124,16.1756,64.0064,1.4,52.0,1.0,2512.0,0.35
2026,Sujawal,1,,,,839292.0,,,,,563,959,92,18.7387,62.1748,0.1429,,,,
2026,Sukkur,1,,,,1639897.0,,,,,1500,797,101,15.5708,71.8011,0.2143,65.0,2.0,5165.0,0.75
2026,Tando Allahyar,1,,,,922012.0,,,,,1089,693,81,17.2735,67.6707,2.8143,18.0,0.0,2343.0,0.2
2026,Tando Muhammad Khan,1,,,,726119.0,,,,,405,727,89,17.8527,65.1583,0.1857,14.0,2.0,1733.0,0.2
2026,Tharparkar,1,,,,1778407.0,,,,,1696,2038,108,17.8036,63.5787,0.5429,56.0,0.0,19638.0,0.35
2026,Thatta,1,,,,1083191.0,,,,,957,1151,11,18.506,65.234,0.1857,10.0,2.0,17355.0,0.35
2026,Umerkot,1,,,,1159831.0,,,,,1586,1290,69,17.2923,67.0692,0.2429,12.0,0.0,5608.0,0.35
2026,Awaran,1,,,,178958.0,,,,,NR,NR,NR,,,,500.0,0.0,29510.0,0.2
2026,Barkhan,1,,,,210249.0,,,,,17,57,15,10.4018,63.1186,0.8714,1100.0,0.0,3514.0,0.2
2026,Chagai,1,,,,269192.0,,,,,12,69,8,10.789,55.3666,2.4429,919.0,0.0,44748.0,0.2
2026,Chaman,1,,,,466218.0,,,,,1,65,38,,,,1340.0,0.0,1341.0,0.2
2026,Dera Bugti,1,,,,355274.0,,,,,1,14,6,13.3933,68.845,0.7857,250.0,0.0,10160.0,0.2
2026,Duki,1,,,,205044.0,,,,,NR,NR,NR,,,,1100.0,0.0,4233.0,0.2
2026,Gwadar,1,,,,305160.0,,,,,12,14,2,19.9728,53.2582,0.6429,12.0,0.0,12637.0,0.35
2026,Harnai,1,,,,127571.0,,,,,53,145,0,,,,,,,
2026,Hub,1,,,,382885.0,,,,,75,132,0,17.7762,65.8083,0.1286,,,,
2026,Jaffarabad,1,,,,594558.0,,,,,187,150,4,,,,55.0,1.0,1643.0,0.2
2026,Jhal Magsi,1,,,,203368.0,,,,,178,120,8,,,,60.0,0.0,3615.0,0.2
2026,Kachhi (Bolan),1,,,,,,,,,408,268,0,11.7784,50.9149,0.7286,,,,
2026,Kalat,1,,,,271560.0,,,,,0,0,0,5.0438,49.9024,1.0286,2000.0,0.0,7654.0,0.2
2026,Kech (Turbat),1,,,,1060931.0,,,,,26,83,NR,,,,,,,
2026,Kharan,1,,,,260352.0,,,,,9,134,4,11.4699,61.7308,1.9429,700.0,0.0,14958.0,0.2
2026,Khuzdar,1,,,,997214.0,,,,,11,16,7,10.8621,48.9822,0.9571,1237.0,0.0,35380.0,0.2
2026,Killa Abdullah,1,,,,361971.0,,,,,2,113,3,7.7623,59.9486,3.9286,1500.0,0.0,3553.0,0.2
2026,Killa Saifullah,1,,,,380200.0,,,,,NR,NR,NR,6.4879,56.1886,0.5571,1500.0,0.0,6831.0,0.2
2026,Kohlu,1,,,,260220.0,,,,,12,12,5,9.6269,61.4858,1.1571,1000.0,0.0,7610.0,0.2
2026,Lasbella,1,,,,680977.0,,,,,209,305,4,18.2244,65.1918,0.1429,,,,
2026,Loralai,1,,,,272432.0,,,,,8,192,17,6.439,58.7588,1.0714,1400.0,0.0,3785.0,0.2
2026,Mastung,1,,,,313271.0,,,,,26,130,3,4.8086,61.3539,2.1286,1700.0,0.0,3308.0,0.2
2026,MusaKhel,1,,,,196756.0,,,,,48,70,6,7.3259,56.308,0.8714,,,,
2026,Naseerabad,1,,,,563315.0,,,,,191,269,34,15.8107,67.0846,0.2143,,,,
2026,Nushki,1,,,,207834.0,,,,,NR,NR,NR,9.9735,60.1662,1.7,900.0,0.0,5797.0,0.2
2026,Panjgur,1,,,,509781.0,,,,,NR,NR,NR,11.3006,52.0391,0.2857,900.0,0.0,16891.0,0.2
2026,Pishin,1,,,,835482.0,,,,,8,193,20,5.5065,65.0532,3.0857,1550.0,0.0,6218.0,0.2
2026,Quetta,1,,,,2595492.0,,,,,7,199,15,5.8013,60.3593,2.2286,1680.0,0.0,3447.0,0.75
2026,Sherani,1,,,,191687.0,,,,,NR,NR,NR,,,,1500.0,0.0,2700.0,0.2
2026,Sibi,1,,,,224148.0,,,,,240,340,24,13.8866,65.3204,0.3571,130.0,0.0,7121.0,0.2
2026,Sohbat pur,1,,,,240106.0,,,,,45,198,8,15.6292,67.3762,0.3714,,,,
2026,Surab,1,,,,279038.0,,,,,0,16,0,5.7583,50.859,1.0286,,,,
2026,Usta Muhammad,1,,,,,,,,,100,464,1,15.0932,72.7198,0.7429,,,,
2026,Washuk,1,,,,302623.0,,,,,NR,NR,NR,8.7601,53.26,0.1,700.0,0.0,33093.0,0.2
2026,Zhob,1,,,,355692.0,,,,,0,20,5,6.4786,57.3394,0.8429,1400.0,0.0,20297.0,0.2
2026,Ziarat,1,,,,189535.0,,,,,29,37,5,,,,2400.0,0.0,3301.0,0.2
2026,Abbottabad,1,,,,1419072.0,,,,,0,557,19,8.7238,68.2289,2.7143,1256.0,0.0,1967.0,0.75
2026,Bajaur,1,,,,,,,,,76,410,1,7.3565,60.0284,3.4429,900.0,0.0,1290.0,0.2
2026,Bannu,1,,,,1357890.0,,,,,795,506,83,11.2985,69.4306,0.5429,312.0,1.0,1227.0,0.2
2026,Battagram,1,,,,335984.0,,,,,27,201,3,6.0708,70.0299,5.3429,1036.0,0.0,1301.0,0.2
2026,Buner,1,,,,,,,,,149,128,5,10.1539,71.0074,1.7286,700.0,0.0,1865.0,0.35
2026,Charsadda,1,,,,1835504.0,,,,,190,1231,57,10.4744,78.922,1.4143,300.0,2.0,996.0,0.2
2026,Chitral Lower,1,,,,,,,,,9,259,5,2.2897,64.4171,0.0571,1500.0,1.0,6458.0,0.35
2026,Chitral Upper,1,,,,195528.0,,,,,5,90,7,2.2897,64.4171,0.0571,2500.0,1.0,8392.0,0.2
2026,D.I. Khan,1,,,,1829811.0,,,,,164,1356,2,11.8848,82.4062,0.2143,,,,
2026,Dir Lower,1,,,,,,,,,65,792,18,11.3104,68.9031,1.5857,800.0,1.0,1583.0,0.35
2026,Dir Upper,1,,,,,,,,,11,635,8,2.9262,76.2974,2.9286,1200.0,1.0,3699.0,0.35
2026,Hangu,1,,,,528902.0,,,,,64,190,3,8.5982,65.2908,1.8,900.0,0.0,1097.0,0.2
2026,Haripur,1,,,,1174783.0,,,,,0,740,45,9.7435,77.5522,2.0571,605.0,2.0,1725.0,0.65
2026,Karak,1,,,,815878.0,,,,,55,239,3,10.9363,68.8316,0.8571,500.0,0.0,3372.0,0.2
2026,Khyber,1,,,,1146267.0,,,,,91,305,55,9.6854,65.4393,1.4429,1000.0,0.0,2576.0,0.2
2026,Kohat,1,,,,1234661.0,,,,,43,274,8,11.314,63.9466,1.0571,500.0,0.0,2545.0,0.65
2026,Kohistan Lower,1,,,,340017.0,,,,,0,58,0,-13.3266,84.9624,0.0143,1500.0,2.0,1200.0,0.2
2026,Kohistan Upper,1,,,,422947.0,,,,,2,187,0,-13.3266,84.9624,0.0143,2500.0,2.0,4000.0,0.2
2026,Kolai Palas,1,,,,280162.0,,,,,0,70,0,-13.3266,84.9624,0.0143,,,,
2026,L & C Kurram,1,,,,,,,,,9,17,0,-0.1065,72.814,1.3,,,,
2026,Lakki Marwat,1,,,,1040856.0,,,,,161,203,3,10.5229,79.5388,0.4714,250.0,1.0,3164.0,0.2
2026,Malakand,1,,,,,,,,,18,340,0,10.9726,66.9623,1.6429,700.0,1.0,952.0,0.2
2026,Mansehra,1,,,,1797177.0,,,,,NR,355,42,7.6396,70.854,2.9143,1000.0,0.0,4579.0,0.2
2026,Mardan,1,,,,2744898.0,,,,,13,673,12,10.2682,82.9053,1.2143,300.0,0.0,1632.0,0.65
2026,Mohmand,1,,,,553933.0,,,,,77,45,5,10.9726,66.9623,1.6429,600.0,0.0,2296.0,0.2
2026,North Waziristan,1,,,,693332.0,,,,,50,53,37,-4.0325,73.0829,0.1,1000.0,1.0,4707.0,0.2
2026,Nowshera,1,,,,1740705.0,,,,,32,811,4,10.603,76.0262,1.4429,280.0,2.0,1748.0,0.65
2026,Orakzai,1,,,,387561.0,,,,,1,36,0,7.5045,66.18,1.2143,1200.0,0.0,1538.0,0.2
2026,Peshawar,1,,,,4758762.0,,,,,9,2429,22,10.8798,79.6094,0.9857,330.0,0.0,1257.0,0.75
2026,Shangla,1,,,,,,,,,58,511,18,1.7786,63.7653,1.1429,2000.0,2.0,1586.0,0.35
2026,South Waziristan (Lower),1,,,,,,,,,12,42,7,7.4711,58.5456,1.2571,,,,
2026,SWU,1,,,,,,,,,11,23,0,7.4711,58.5456,1.2571,,,,
2026,Swabi,1,,,,1894600.0,,,,,45,826,41,10.0833,84.1807,2.2,340.0,2.0,1543.0,0.65
2026,Swat,1,,,,,,,,,8,1292,48,9.1062,66.9472,2.1571,980.0,1.0,5337.0,0.35
2026,Tank,1,,,,470293.0,,,,,96,308,0,11.3247,70.7607,0.4571,250.0,0.0,1679.0,0.2
2026,Tor Ghar,1,,,,200445.0,,,,,12,50,3,10.4975,77.6614,2.0571,,,,
2026,Upper Kurram,1,,,,785434.0,,,,,8,132,9,-0.1065,72.814,1.3,,,,
2026,Badin,2,,,,1947081.0,,,,,1861,1743,146,15.8113,49.3167,0.0,9.0,1.0,6726.0,0.35
2026,Dadu,2,,,,1742320.0,,,,,3181,1993,293,13.4003,73.7526,0.0,40.0,2.0,19070.0,0.35
2026,Ghotki,2,,,,1772609.0,,,,,1169,548,68,12.8527,76.9932,0.0,72.0,1.0,6083.0,0.35
2026,Hyderabad,2,,,,2432540.0,,,,,417,1890,56,15.2211,58.7476,0.0,20.0,2.0,993.0,0.75
2026,Jacobabad,2,,,,1174097.0,,,,,782,407,51,12.8878,72.5646,0.0,55.0,0.0,2686.0,0.35
2026,Jamshoro,2,,,,1117308.0,,,,,1776,1213,58,15.1637,56.9401,0.0,33.0,2.0,11204.0,0.35
2026,Kamber,2,,,,1514869.0,,,,,1913,1279,79,13.6518,68.8578,0.0,50.0,0.0,5599.0,0.2
2026,Karachi Central,2,,,,3822325.0,,,,,16,1546,1,18.1661,43.9322,0.0,,,,
2026,Karachi East,2,,,,3950031.0,,,,,11,211,0,17.3786,46.7579,0.0,,,,
2026,Karachi Keamari,2,,,,2068451.0,,,,,0,539,3,,,,,,,
2026,Karachi Korangi,2,,,,3128971.0,,,,,90,376,2,18.2345,44.5945,0.0,,,,
2026,Karachi Malir,2,,,,2403959.0,,,,,24,502,13,17.3786,46.7579,0.0,,,,
2026,Karachi South,2,,,,2329764.0,,,,,14,69,0,16.1548,49.9809,0.0,,,,
2026,Karachi West,2,,,,2679380.0,,,,,385,837,18,18.1902,44.5918,0.0,,,,
2026,Kashmore,2,,,,1233957.0,,,,,1589,188,20,12.4991,77.374,0.0143,60.0,2.0,2592.0,0.35
2026,Khairpur,2,,,,2597535.0,,,,,2844,2272,264,13.344,70.4444,0.0,53.0,2.0,15910.0,0.5
2026,Larkana,2,,,,1784453.0,,,,,2966,1078,225,13.9134,66.9992,0.0,48.0,2.0,1906.0,0.5
2026,Matiari,2,,,,849383.0,,,,,1689,962,41,14.4667,59.9646,0.0,25.0,2.0,1417.0,0.2
2026,Mirpurkhas,2,,,,1681386.0,,,,,1256,2240,116,13.9348,62.2661,0.0,16.0,0.0,2925.0,0.5
2026,Naushero Feroze,2,,,,1777082.0,,,,,1046,1133,123,13.319,71.6169,0.0,38.0,2.0,2945.0,0.2
2026,Sanghar,2,,,,2308465.0,,,,,3068,1337,74,12.8643,70.8514,0.0,16.0,1.0,10608.0,0.2
2026,Shaheed Benazirabad,2,,,,1845102.0,,,,,1691,1123,82,12.9464,73.1698,0.0,30.0,2.0,4502.0,0.5
2026,Shikarpur,2,,,,1386330.0,,,,,1229,708,125,13.7378,67.285,0.0,52.0,1.0,2512.0,0.35
2026,Sujawal,2,,,,839292.0,,,,,235,788,95,16.2929,48.7873,0.0,,,,
2026,Sukkur,2,,,,1639897.0,,,,,1194,767,104,13.2042,74.1594,0.0,65.0,2.0,5165.0,0.75
2026,Tando Allahyar,2,,,,922012.0,,,,,784,686,84,14.403,59.3626,0.0,18.0,0.0,2343.0,0.2
2026,Tando Muhammad Khan,2,,,,726119.0,,,,,383,686,87,15.2039,53.2694,0.0,14.0,2.0,1733.0,0.2
2026,Tharparkar,2,,,,1778407.0,,,,,1555,1941,69,15.4625,48.9234,0.0,56.0,0.0,19638.0,0.35
2026,Thatta,2,,,,1083191.0,,,,,788,1163,14,16.2399,54.182,0.0,10.0,2.0,17355.0,0.35
2026,Umerkot,2,,,,1159831.0,,,,,1269,1108,75,14.8086,54.7377,0.0,12.0,0.0,5608.0,0.35
2026,Awaran,2,,,,178958.0,,,,,NR,NR,NR,,,,500.0,0.0,29510.0,0.2
2026,Barkhan,2,,,,210249.0,,,,,32,76,15,8.8717,48.2322,0.0,1100.0,0.0,3514.0,0.2
2026,Chagai,2,,,,269192.0,,,,,0,75,3,9.0789,40.1311,0.0,919.0,0.0,44748.0,0.2
2026,Chaman,2,,,,466218.0,,,,,41,41,14,,,,1340.0,0.0,1341.0,0.2
2026,Dera Bugti,2,,,,355274.0,,,,,NR,NR,NR,11.5251,62.1665,0.0,250.0,0.0,10160.0,0.2
2026,Duki,2,,,,205044.0,,,,,NR,NR,NR,,,,1100.0,0.0,4233.0,0.2
2026,Gwadar,2,,,,305160.0,,,,,54,335,16,19.3951,53.5274,0.2429,12.0,0.0,12637.0,0.35
2026,Harnai,2,,,,127571.0,,,,,347,173,0,,,,,,,
2026,Hub,2,,,,382885.0,,,,,33,96,3,16.4735,49.8342,0.0,,,,
2026,Jaffarabad,2,,,,594558.0,,,,,20,159,7,,,,55.0,1.0,1643.0,0.2
2026,Jhal Magsi,2,,,,203368.0,,,,,93,219,6,,,,60.0,0.0,3615.0,0.2
2026,Kachhi (Bolan),2,,,,,,,,,78,209,0,10.688,28.9872,0.0,,,,
2026,Kalat,2,,,,271560.0,,,,,0,0,0,2.1265,44.279,0.0,2000.0,0.0,7654.0,0.2
2026,Kech (Turbat),2,,,,1060931.0,,,,,2,101,NR,,,,,,,
2026,Kharan,2,,,,260352.0,,,,,2,129,3,10.358,39.4886,0.2,700.0,0.0,14958.0,0.2
2026,Khuzdar,2,,,,997214.0,,,,,23,293,64,7.9761,41.1116,0.0,1237.0,0.0,35380.0,0.2
2026,Killa Abdullah,2,,,,361971.0,,,,,34,129,18,5.253,53.9747,0.0571,1500.0,0.0,3553.0,0.2
2026,Killa Saifullah,2,,,,380200.0,,,,,322,175,16,4.4537,35.4558,0.0,1500.0,0.0,6831.0,0.2
2026,Kohlu,2,,,,260220.0,,,,,11,79,5,7.7424,46.9103,0.0,1000.0,0.0,7610.0,0.2
2026,Lasbella,2,,,,680977.0,,,,,146,294,3,16.6458,49.7122,0.0,,,,
2026,Loralai,2,,,,272432.0,,,,,NR,NR,NR,4.8205,37.9867,0.0,1400.0,0.0,3785.0,0.2
2026,Mastung,2,,,,313271.0,,,,,125,134,6,2.1938,56.5268,0.1143,1700.0,0.0,3308.0,0.2
2026,MusaKhel,2,,,,196756.0,,,,,41,59,12,5.0164,38.8637,0.0,,,,
2026,Naseerabad,2,,,,563315.0,,,,,34,300,47,13.3461,69.9207,0.0,,,,
2026,Nushki,2,,,,207834.0,,,,,25,58,0,6.436,62.6948,0.0,900.0,0.0,5797.0,0.2
2026,Panjgur,2,,,,509781.0,,,,,NR,NR,NR,9.5946,40.8251,0.0,900.0,0.0,16891.0,0.2
2026,Pishin,2,,,,835482.0,,,,,181,245,18,2.7842,54.0934,0.0,1550.0,0.0,6218.0,0.2
2026,Quetta,2,,,,2595492.0,,,,,181,278,7,3.5194,53.9976,0.0857,1680.0,0.0,3447.0,0.75
2026,Sherani,2,,,,191687.0,,,,,NR,NR,NR,,,,1500.0,0.0,2700.0,0.2
2026,Sibi,2,,,,224148.0,,,,,179,427,30,11.5881,56.5203,0.0,130.0,0.0,7121.0,0.2
2026,Sohbat pur,2,,,,240106.0,,,,,149,169,5,13.092,71.1715,0.0,,,,
2026,Surab,2,,,,279038.0,,,,,0,14,0,2.6327,45.9854,0.0,,,,
2026,Usta Muhammad,2,,,,,,,,,277,366,1,12.758,74.6985,0.0,,,,
2026,Washuk,2,,,,302623.0,,,,,NR,NR,NR,6.7452,38.3788,0.0,700.0,0.0,33093.0,0.2
2026,Zhob,2,,,,355692.0,,,,,88,20,0,4.8244,37.9041,0.0,1400.0,0.0,20297.0,0.2
2026,Ziarat,2,,,,189535.0,,,,,160,58,8,,,,2400.0,0.0,3301.0,0.2
2026,Abbottabad,2,,,,1419072.0,,,,,0,539,20,7.4075,43.4018,0.2143,1256.0,0.0,1967.0,0.75
2026,Bajaur,2,,,,,,,,,78,404,2,4.4339,31.3157,0.0286,900.0,0.0,1290.0,0.2
2026,Bannu,2,,,,1357890.0,,,,,976,601,94,8.9158,58.907,0.0,312.0,1.0,1227.0,0.2
2026,Battagram,2,,,,335984.0,,,,,10,261,10,3.5012,49.1701,0.0,1036.0,0.0,1301.0,0.2
2026,Buner,2,,,,,,,,,97,151,5,8.0878,50.0338,0.4714,700.0,0.0,1865.0,0.35
2026,Charsadda,2,,,,1835504.0,,,,,180,1369,158,7.3682,69.7041,0.0,300.0,2.0,996.0,0.2
2026,Chitral Lower,2,,,,,,,,,1,266,1,-5.5266,32.0939,0.0,1500.0,1.0,6458.0,0.35
2026,Chitral Upper,2,,,,195528.0,,,,,0,85,8,-5.5266,32.0939,0.0,2500.0,1.0,8392.0,0.2
2026,D.I. Khan,2,,,,1829811.0,,,,,83,1185,0,9.1815,83.5573,0.0,,,,
2026,Dir Lower,2,,,,,,,,,61,907,18,8.8417,50.5109,0.0,800.0,1.0,1583.0,0.35
2026,Dir Upper,2,,,,,,,,,11,552,3,0.3578,55.695,0.0,1200.0,1.0,3699.0,0.35
2026,Hangu,2,,,,528902.0,,,,,82,283,0,6.7455,46.3625,0.0143,900.0,0.0,1097.0,0.2
2026,Haripur,2,,,,1174783.0,,,,,0,847,42,7.3911,63.306,0.0,605.0,2.0,1725.0,0.65
2026,Karak,2,,,,815878.0,,,,,49,323,2,9.4911,55.3654,0.0,500.0,0.0,3372.0,0.2
2026,Khyber,2,,,,1146267.0,,,,,80,340,52,7.7131,42.82,0.0,1000.0,0.0,2576.0,0.2
2026,Kohat,2,,,,1234661.0,,,,,28,352,3,9.7482,47.1195,0.0,500.0,0.0,2545.0,0.65
2026,Kohistan Lower,2,,,,340017.0,,,,,0,68,2,-17.7995,60.2895,0.0,1500.0,2.0,1200.0,0.2
2026,Kohistan Upper,2,,,,422947.0,,,,,4,196,0,-17.7995,60.2895,0.0,2500.0,2.0,4000.0,0.2
2026,Kolai Palas,2,,,,280162.0,,,,,0,83,1,-17.7995,60.2895,0.0,,,,
2026,L & C Kurram,2,,,,,,,,,0,4,1,-0.9336,39.6845,0.0,,,,
2026,Lakki Marwat,2,,,,1040856.0,,,,,129,210,8,7.8208,73.5087,0.0,250.0,1.0,3164.0,0.2
2026,Malakand,2,,,,,,,,,24,508,0,9.1304,45.9766,0.0,700.0,1.0,952.0,0.2
2026,Mansehra,2,,,,1797177.0,,,,,0,570,4,4.9711,52.6497,0.1429,1000.0,0.0,4579.0,0.2
2026,Mardan,2,,,,2744898.0,,,,,18,669,9,7.1491,75.9451,0.0,300.0,0.0,1632.0,0.65
2026,Mohmand,2,,,,553933.0,,,,,54,31,2,9.1304,45.9766,0.0,600.0,0.0,2296.0,0.2
2026,North Waziristan,2,,,,693332.0,,,,,36,32,26,-7.1962,42.0519,0.0,1000.0,1.0,4707.0,0.2
2026,Nowshera,2,,,,1740705.0,,,,,75,910,4,7.8756,63.4514,0.0,280.0,2.0,1748.0,0.65
2026,Orakzai,2,,,,387561.0,,,,,0,60,0,5.7443,45.0782,0.0,1200.0,0.0,1538.0,0.2
2026,Peshawar,2,,,,4758762.0,,,,,4,2559,13,7.6661,71.1536,0.0571,330.0,0.0,1257.0,0.75
2026,Shangla,2,,,,,,,,,59,563,12,-0.3116,39.798,0.0,2000.0,2.0,1586.0,0.35
2026,South Waziristan (Lower),2,,,,,,,,,9,63,33,5.8092,39.6683,0.0,,,,
2026,SWU,2,,,,,,,,,9,29,1,5.8092,39.6683,0.0,,,,
2026,Swabi,2,,,,1894600.0,,,,,49,662,43,7.442,78.836,0.0,340.0,2.0,1543.0,0.65
2026,Swat,2,,,,,,,,,20,1570,49,6.569,45.5516,0.0,980.0,1.0,5337.0,0.35
2026,Tank,2,,,,470293.0,,,,,58,288,0,8.5381,65.9997,0.0,250.0,0.0,1679.0,0.2
2026,Tor Ghar,2,,,,200445.0,,,,,14,48,8,8.1451,63.4713,0.0,,,,
2026,Upper Kurram,2,,,,785434.0,,,,,9,164,9,-0.9336,39.6845,0.0,,,,
2026,Badin,3,,,,1947081.0,,,,,1618,1658,186,17.7804,60.919,0.0,9.0,1.0,6726.0,0.35
2026,Dadu,3,,,,1742320.0,,,,,3281,1955,279,14.5018,78.4886,0.0,40.0,2.0,19070.0,0.35
2026,Ghotki,3,,,,1772609.0,,,,,1232,668,75,14.183,73.5755,0.0,72.0,1.0,6083.0,0.35
2026,Hyderabad,3,,,,2432540.0,,,,,338,1806,59,17.442,67.6589,0.0,20.0,2.0,993.0,0.75
2026,Jacobabad,3,,,,1174097.0,,,,,810,515,71,14.5286,68.977,0.0,55.0,0.0,2686.0,0.35
2026,Jamshoro,3,,,,1117308.0,,,,,1633,1237,70,17.1792,67.8846,0.0,33.0,2.0,11204.0,0.35
2026,Kamber,3,,,,1514869.0,,,,,2110,1227,91,14.761,70.3435,0.0,50.0,0.0,5599.0,0.2
2026,Karachi Central,3,,,,3822325.0,,,,,14,1606,2,19.8637,61.1814,0.0,,,,
2026,Karachi East,3,,,,3950031.0,,,,,19,258,3,19.2286,62.8051,0.0,,,,
2026,Karachi Keamari,3,,,,2068451.0,,,,,6,500,0,,,,,,,
2026,Karachi Korangi,3,,,,3128971.0,,,,,66,305,4,19.6961,63.3898,0.0286,,,,
2026,Karachi Malir,3,,,,2403959.0,,,,,35,799,29,19.2286,62.8051,0.0,,,,
2026,Karachi South,3,,,,2329764.0,,,,,16,66,0,17.9283,65.3093,0.0,,,,
2026,Karachi West,3,,,,2679380.0,,,,,335,847,21,19.4753,64.4735,0.0286,,,,
2026,Kashmore,3,,,,1233957.0,,,,,1599,169,23,13.9655,73.1872,0.0,60.0,2.0,2592.0,0.35
2026,Khairpur,3,,,,2597535.0,,,,,3525,2668,295,14.0708,73.7882,0.0,53.0,2.0,15910.0,0.5
2026,Larkana,3,,,,1784453.0,,,,,3438,1157,239,14.8798,69.068,0.0,48.0,2.0,1906.0,0.5
2026,Matiari,3,,,,849383.0,,,,,1728,1032,51,16.4774,68.0292,0.0,25.0,2.0,1417.0,0.2
2026,Mirpurkhas,3,,,,1681386.0,,,,,1102,1821,92,15.6155,71.1207,0.0,16.0,0.0,2925.0,0.5
2026,Naushero Feroze,3,,,,1777082.0,,,,,1481,1500,224,14.2696,77.4471,0.0,38.0,2.0,2945.0,0.2
2026,Sanghar,3,,,,2308465.0,,,,,2963,1477,65,14.8557,68.8445,0.0,16.0,1.0,10608.0,0.2
2026,Shaheed Benazirabad,3,,,,1845102.0,,,,,1631,1154,79,14.431,78.8726,0.0,30.0,2.0,4502.0,0.5
2026,Shikarpur,3,,,,1386330.0,,,,,1471,836,148,15.0315,65.3941,0.0,52.0,1.0,2512.0,0.35
2026,Sujawal,3,,,,839292.0,,,,,781,1372,79,18.1777,66.7822,0.0,,,,
2026,Sukkur,3,,,,1639897.0,,,,,1105,822,107,14.1914,73.4168,0.0,65.0,2.0,5165.0,0.75
2026,Tando Allahyar,3,,,,922012.0,,,,,961,764,80,16.5628,67.2174,0.0,18.0,0.0,2343.0,0.2
2026,Tando Muhammad Khan,3,,,,726119.0,,,,,416,772,85,17.1405,67.6928,0.0,14.0,2.0,1733.0,0.2
2026,Tharparkar,3,,,,1778407.0,,,,,1505,1782,101,16.689,54.9936,0.0,56.0,0.0,19638.0,0.35
2026,Thatta,3,,,,1083191.0,,,,,741,1297,14,17.9687,69.5918,0.0,10.0,2.0,17355.0,0.35
2026,Umerkot,3,,,,1159831.0,,,,,1746,1309,87,16.0818,58.5012,0.0,12.0,0.0,5608.0,0.35
2026,Awaran,3,,,,178958.0,,,,,NR,NR,NR,,,,500.0,0.0,29510.0,0.2
2026,Barkhan,3,,,,210249.0,,,,,29,54,21,12.0223,50.0082,0.0,1100.0,0.0,3514.0,0.2
2026,Chagai,3,,,,269192.0,,,,,34,92,6,13.892,36.2941,0.0,919.0,0.0,44748.0,0.2
2026,Chaman,3,,,,466218.0,,,,,NR,NR,NR,,,,1340.0,0.0,1341.0,0.2
2026,Dera Bugti,3,,,,355274.0,,,,,0,2,0,13.8605,61.0292,0.0,250.0,0.0,10160.0,0.2
2026,Duki,3,,,,205044.0,,,,,NR,NR,NR,,,,1100.0,0.0,4233.0,0.2
2026,Gwadar,3,,,,305160.0,,,,,49,283,12,20.776,64.9706,0.0429,12.0,0.0,12637.0,0.35
2026,Harnai,3,,,,127571.0,,,,,37,184,0,,,,,,,
2026,Hub,3,,,,382885.0,,,,,54,210,6,17.9393,66.1772,0.0,,,,
2026,Jaffarabad,3,,,,594558.0,,,,,136,168,5,,,,55.0,1.0,1643.0,0.2
2026,Jhal Magsi,3,,,,203368.0,,,,,174,137,5,,,,60.0,0.0,3615.0,0.2
2026,Kachhi (Bolan),3,,,,,,,,,273,239,0,13.3645,36.6945,0.0,,,,
2026,Kalat,3,,,,271560.0,,,,,0,0,0,6.4595,42.196,0.0,2000.0,0.0,7654.0,0.2
2026,Kech (Turbat),3,,,,1060931.0,,,,,175,436,NR,,,,,,,
2026,Kharan,3,,,,260352.0,,,,,13,144,5,15.1426,33.577,0.0,700.0,0.0,14958.0,0.2
2026,Khuzdar,3,,,,997214.0,,,,,36,99,32,12.5303,38.2392,0.0,1237.0,0.0,35380.0,0.2
2026,Killa Abdullah,3,,,,361971.0,,,,,2,119,14,9.6828,41.1334,0.0,1500.0,0.0,3553.0,0.2
2026,Killa Saifullah,3,,,,380200.0,,,,,141,144,28,8.7938,41.1448,0.0,1500.0,0.0,6831.0,0.2
2026,Kohlu,3,,,,260220.0,,,,,45,100,10,11.4701,45.9509,0.0,1000.0,0.0,7610.0,0.2
2026,Lasbella,3,,,,680977.0,,,,,230,340,6,18.2583,71.1428,0.0,,,,
2026,Loralai,3,,,,272432.0,,,,,20,193,19,8.0571,48.8602,0.0,1400.0,0.0,3785.0,0.2
2026,Mastung,3,,,,313271.0,,,,,26,111,6,6.3414,49.1114,0.0,1700.0,0.0,3308.0,0.2
2026,MusaKhel,3,,,,196756.0,,,,,NR,NR,NR,9.2068,42.607,0.0,,,,
2026,Naseerabad,3,,,,563315.0,,,,,121,260,20,14.7327,67.6995,0.0,,,,
2026,Nushki,3,,,,207834.0,,,,,1,67,1,12.0676,40.6806,0.0,900.0,0.0,5797.0,0.2
2026,Panjgur,3,,,,509781.0,,,,,NR,NR,NR,13.3583,51.2199,0.0,900.0,0.0,16891.0,0.2
2026,Pishin,3,,,,835482.0,,,,,10,211,14,7.0482,49.5156,0.0,1550.0,0.0,6218.0,0.2
2026,Quetta,3,,,,2595492.0,,,,,5,237,11,7.665,48.0855,0.0,1680.0,0.0,3447.0,0.75
2026,Sherani,3,,,,191687.0,,,,,NR,NR,NR,,,,1500.0,0.0,2700.0,0.2
2026,Sibi,3,,,,224148.0,,,,,157,397,35,13.4827,62.4682,0.0,130.0,0.0,7121.0,0.2
2026,Sohbat pur,3,,,,240106.0,,,,,28,129,10,14.5667,68.5347,0.0,,,,
2026,Surab,3,,,,279038.0,,,,,0,8,0,7.0488,42.6564,0.0,,,,
2026,Usta Muhammad,3,,,,,,,,,67,354,2,14.0095,72.9422,0.0,,,,
2026,Washuk,3,,,,302623.0,,,,,NR,NR,NR,10.8589,46.8582,0.0,700.0,0.0,33093.0,0.2
2026,Zhob,3,,,,355692.0,,,,,0,37,0,9.3089,37.0159,0.0,1400.0,0.0,20297.0,0.2
2026,Ziarat,3,,,,189535.0,,,,,35,95,23,,,,2400.0,0.0,3301.0,0.2
2026,Abbottabad,3,,,,1419072.0,,,,,0,508,17,10.8307,39.2046,0.3714,1256.0,0.0,1967.0,0.75
2026,Bajaur,3,,,,,,,,,96,469,3,8.6381,31.7682,0.0714,900.0,0.0,1290.0,0.2
2026,Bannu,3,,,,1357890.0,,,,,1143,610,89,10.8994,63.9457,0.0,312.0,1.0,1227.0,0.2
2026,Battagram,3,,,,335984.0,,,,,7,208,1,5.1122,47.9629,0.5286,1036.0,0.0,1301.0,0.2
2026,Buner,3,,,,,,,,,96,183,5,10.1206,50.4129,0.2,700.0,0.0,1865.0,0.35
2026,Charsadda,3,,,,1835504.0,,,,,148,1249,73,8.7318,75.8732,0.3,300.0,2.0,996.0,0.2
2026,Chitral Lower,3,,,,,,,,,1,322,2,1.3091,38.6923,0.0,1500.0,1.0,6458.0,0.35
2026,Chitral Upper,3,,,,195528.0,,,,,1,74,8,1.3091,38.6923,0.0,2500.0,1.0,8392.0,0.2
2026,D.I. Khan,3,,,,1829811.0,,,,,93,1126,0,10.578,85.587,0.0,,,,
2026,Dir Lower,3,,,,,,,,,38,849,18,10.156,62.419,0.0143,800.0,1.0,1583.0,0.35
2026,Dir Upper,3,,,,,,,,,5,616,14,3.836,51.4648,0.5,1200.0,1.0,3699.0,0.35
2026,Hangu,3,,,,528902.0,,,,,65,237,0,9.4896,50.8675,0.0143,900.0,0.0,1097.0,0.2
2026,Haripur,3,,,,1174783.0,,,,,0,1053,35,9.3226,60.4577,0.6143,605.0,2.0,1725.0,0.65
2026,Karak,3,,,,815878.0,,,,,52,296,6,11.508,60.0411,0.0143,500.0,0.0,3372.0,0.2
2026,Khyber,3,,,,1146267.0,,,,,94,332,57,9.7866,51.5229,0.0286,1000.0,0.0,2576.0,0.2
2026,Kohat,3,,,,1234661.0,,,,,25,347,4,11.2295,57.8132,0.0,500.0,0.0,2545.0,0.65
2026,Kohistan Lower,3,,,,340017.0,,,,,0,63,0,-13.2322,74.8185,0.0,1500.0,2.0,1200.0,0.2
2026,Kohistan Upper,3,,,,422947.0,,,,,2,216,1,-13.2322,74.8185,0.0,2500.0,2.0,4000.0,0.2
2026,Kolai Palas,3,,,,280162.0,,,,,1,24,2,-13.2322,74.8185,0.0,,,,
2026,L & C Kurram,3,,,,,,,,,0,5,0,1.453,49.4326,0.1286,,,,
2026,Lakki Marwat,3,,,,1040856.0,,,,,123,227,9,9.6988,80.8391,0.0143,250.0,1.0,3164.0,0.2
2026,Malakand,3,,,,,,,,,19,422,0,11.1875,48.4102,0.0,700.0,1.0,952.0,0.2
2026,Mansehra,3,,,,1797177.0,,,,,NR,525,19,7.3458,49.4091,0.7857,1000.0,0.0,4579.0,0.2
2026,Mardan,3,,,,2744898.0,,,,,31,687,28,8.3848,76.9393,0.1429,300.0,0.0,1632.0,0.65
2026,Mohmand,3,,,,553933.0,,,,,53,27,3,11.1875,48.4102,0.0,600.0,0.0,2296.0,0.2
2026,North Waziristan,3,,,,693332.0,,,,,61,76,47,-1.7524,50.2291,0.0,1000.0,1.0,4707.0,0.2
2026,Nowshera,3,,,,1740705.0,,,,,51,984,7,8.6976,74.5918,0.0714,280.0,2.0,1748.0,0.65
2026,Orakzai,3,,,,387561.0,,,,,1,36,0,8.4202,50.4304,0.0143,1200.0,0.0,1538.0,0.2
2026,Peshawar,3,,,,4758762.0,,,,,10,2390,29,9.5107,73.2196,0.0143,330.0,0.0,1257.0,0.75
2026,Shangla,3,,,,,,,,,54,276,25,4.267,36.2755,0.1714,2000.0,2.0,1586.0,0.35
2026,South Waziristan (Lower),3,,,,,,,,,11,84,9,9.4196,43.4185,0.0,,,,
2026,SWU,3,,,,,,,,,2,48,0,9.4196,43.4185,0.0,,,,
2026,Swabi,3,,,,1894600.0,,,,,56,798,34,8.144,80.1358,0.2286,340.0,2.0,1543.0,0.65
2026,Swat,3,,,,,,,,,18,1462,7,9.3244,46.8133,0.0429,980.0,1.0,5337.0,0.35
2026,Tank,3,,,,470293.0,,,,,79,336,0,10.6545,70.0873,0.0,250.0,0.0,1679.0,0.2
2026,Tor Ghar,3,,,,200445.0,,,,,21,57,10,10.0766,60.6334,0.6143,,,,
2026,Upper Kurram,3,,,,785434.0,,,,,11,159,6,1.453,49.4326,0.1286,,,,
2026,Badin,4,,,,1947081.0,,,,,1941,2017,176,17.5946,48.6285,0.0571,9.0,1.0,6726.0,0.35
2026,Dadu,4,,,,1742320.0,,,,,3082,1941,338,13.9583,66.3817,1.1,40.0,2.0,19070.0,0.35
2026,Ghotki,4,,,,1772609.0,,,,,1215,609,70,13.7976,62.896,1.5571,72.0,1.0,6083.0,0.35
2026,Hyderabad,4,,,,2432540.0,,,,,443,2246,63,16.6262,54.2885,0.0286,20.0,2.0,993.0,0.75
2026,Jacobabad,4,,,,1174097.0,,,,,895,543,82,13.8967,57.9757,1.2429,55.0,0.0,2686.0,0.35
2026,Jamshoro,4,,,,1117308.0,,,,,1847,1393,63,16.294,52.8602,0.0,33.0,2.0,11204.0,0.35
2026,Kamber,4,,,,1514869.0,,,,,2425,1324,101,14.4479,58.6636,0.5857,50.0,0.0,5599.0,0.2
2026,Karachi Central,4,,,,3822325.0,,,,,13,1567,67,17.4247,51.74,1.5714,,,,
2026,Karachi East,4,,,,3950031.0,,,,,16,300,0,16.8557,54.1238,0.5571,,,,
2026,Karachi Keamari,4,,,,2068451.0,,,,,1,542,0,,,,,,,
2026,Karachi Korangi,4,,,,3128971.0,,,,,56,400,1,17.597,52.5227,0.7714,,,,
2026,Karachi Malir,4,,,,2403959.0,,,,,92,1142,10,16.8557,54.1238,0.5571,,,,
2026,Karachi South,4,,,,2329764.0,,,,,14,84,0,15.7994,53.4694,0.7,,,,
2026,Karachi West,4,,,,2679380.0,,,,,269,758,22,17.161,52.7784,1.4,,,,
2026,Kashmore,4,,,,1233957.0,,,,,1773,198,0,13.6253,61.8627,1.6143,60.0,2.0,2592.0,0.35
2026,Khairpur,4,,,,2597535.0,,,,,3573,2701,142,13.5515,65.6061,1.1429,53.0,2.0,15910.0,0.5
2026,Larkana,4,,,,1784453.0,,,,,3412,1305,3,14.3994,59.1277,0.5,48.0,2.0,1906.0,0.5
2026,Matiari,4,,,,849383.0,,,,,2003,967,1,16.1164,53.4721,0.0286,25.0,2.0,1417.0,0.2
2026,Mirpurkhas,4,,,,1681386.0,,,,,1410,2121,7,15.619,59.4721,0.1286,16.0,0.0,2925.0,0.5
2026,Naushero Feroze,4,,,,1777082.0,,,,,979,1178,36,13.5655,68.3475,1.4714,38.0,2.0,2945.0,0.2
2026,Sanghar,4,,,,2308465.0,,,,,3159,1528,21,15.486,61.1826,1.2714,16.0,1.0,10608.0,0.2
2026,Shaheed Benazirabad,4,,,,1845102.0,,,,,1966,1301,79,13.9402,67.2343,1.3,30.0,2.0,4502.0,0.5
2026,Shikarpur,4,,,,1386330.0,,,,,1625,867,6,14.5554,55.1962,1.3857,52.0,1.0,2512.0,0.35
2026,Sujawal,4,,,,839292.0,,,,,883,804,12,17.5438,52.4459,0.0286,,,,
2026,Sukkur,4,,,,1639897.0,,,,,1091,872,2,13.7009,64.8833,0.7429,65.0,2.0,5165.0,0.75
2026,Tando Allahyar,4,,,,922012.0,,,,,859,739,6,16.2679,53.8033,0.0857,18.0,0.0,2343.0,0.2
2026,Tando Muhammad Khan,4,,,,726119.0,,,,,534,762,0,16.8092,52.2033,0.0429,14.0,2.0,1733.0,0.2
2026,Tharparkar,4,,,,1778407.0,,,,,1448,1854,15,16.9327,48.797,0.2571,56.0,0.0,19638.0,0.35
2026,Thatta,4,,,,1083191.0,,,,,847,1035,10,17.2298,55.0859,0.0857,10.0,2.0,17355.0,0.35
2026,Umerkot,4,,,,1159831.0,,,,,1648,1316,27,16.6646,49.843,0.3,12.0,0.0,5608.0,0.35
2026,Awaran,4,,,,178958.0,,,,,NR,NR,NR,,,,500.0,0.0,29510.0,0.2
2026,Barkhan,4,,,,210249.0,,,,,25,59,25,8.4548,51.6691,0.7,1100.0,0.0,3514.0,0.2
2026,Chagai,4,,,,269192.0,,,,,23,68,1,8.4571,45.3691,1.9714,919.0,0.0,44748.0,0.2
2026,Chaman,4,,,,466218.0,,,,,NR,NR,NR,,,,1340.0,0.0,1341.0,0.2
2026,Dera Bugti,4,,,,355274.0,,,,,0,3,0,11.5576,55.5717,0.8857,250.0,0.0,10160.0,0.2
2026,Duki,4,,,,205044.0,,,,,NR,NR,NR,,,,1100.0,0.0,4233.0,0.2
2026,Gwadar,4,,,,305160.0,,,,,23,233,3,18.6746,46.458,0.2143,12.0,0.0,12637.0,0.35
2026,Harnai,4,,,,127571.0,,,,,37,138,0,,,,,,,
2026,Hub,4,,,,382885.0,,,,,37,142,1,15.872,55.3123,1.5857,,,,
2026,Jaffarabad,4,,,,594558.0,,,,,52,79,2,,,,55.0,1.0,1643.0,0.2
2026,Jhal Magsi,4,,,,203368.0,,,,,120,160,0,,,,60.0,0.0,3615.0,0.2
2026,Kachhi (Bolan),4,,,,,,,,,314,254,0,9.2368,38.042,2.2143,,,,
2026,Kalat,4,,,,271560.0,,,,,0,0,0,0.8289,44.6399,0.2286,2000.0,0.0,7654.0,0.2
2026,Kech (Turbat),4,,,,1060931.0,,,,,NR,NR,NR,,,,,,,
2026,Kharan,4,,,,260352.0,,,,,10,139,5,9.4589,47.2614,1.4286,700.0,0.0,14958.0,0.2
2026,Khuzdar,4,,,,997214.0,,,,,NR,NR,NR,7.252,39.2726,0.5,1237.0,0.0,35380.0,0.2
2026,Killa Abdullah,4,,,,361971.0,,,,,2,78,16,4.3429,47.0172,2.9,1500.0,0.0,3553.0,0.2
2026,Killa Saifullah,4,,,,380200.0,,,,,94,145,12,3.3688,46.7091,0.9286,1500.0,0.0,6831.0,0.2
2026,Kohlu,4,,,,260220.0,,,,,11,58,NR,7.7615,51.363,0.6571,1000.0,0.0,7610.0,0.2
2026,Lasbella,4,,,,680977.0,,,,,211,275,6,15.9753,53.8804,3.7143,,,,
2026,Loralai,4,,,,272432.0,,,,,9,152,20,3.7202,53.2762,1.2714,1400.0,0.0,3785.0,0.2
2026,Mastung,4,,,,313271.0,,,,,14,111,7,0.5021,54.1298,0.3714,1700.0,0.0,3308.0,0.2
2026,MusaKhel,4,,,,196756.0,,,,,NR,NR,NR,4.6074,52.0162,1.3714,,,,
2026,Naseerabad,4,,,,563315.0,,,,,93,266,26,14.147,57.3156,0.5571,,,,
2026,Nushki,4,,,,207834.0,,,,,2,28,0,6.6152,46.8467,1.2143,900.0,0.0,5797.0,0.2
2026,Panjgur,4,,,,509781.0,,,,,NR,NR,NR,8.6613,43.7639,1.0429,900.0,0.0,16891.0,0.2
2026,Pishin,4,,,,835482.0,,,,,NR,NR,NR,1.7185,52.7545,2.8714,1550.0,0.0,6218.0,0.2
2026,Quetta,4,,,,2595492.0,,,,,7,256,16,1.687,53.504,0.7286,1680.0,0.0,3447.0,0.75
2026,Sherani,4,,,,191687.0,,,,,NR,NR,NR,,,,1500.0,0.0,2700.0,0.2
2026,Sibi,4,,,,224148.0,,,,,124,426,46,12.1086,51.2615,0.8429,130.0,0.0,7121.0,0.2
2026,Sohbat pur,4,,,,240106.0,,,,,NR,NR,NR,14.1074,56.9353,0.4143,,,,
2026,Surab,4,,,,279038.0,,,,,0,6,0,2.189,46.0539,0.3857,,,,
2026,Usta Muhammad,4,,,,,,,,,35,211,0,13.4369,62.892,0.2571,,,,
2026,Washuk,4,,,,302623.0,,,,,NR,NR,NR,5.5137,46.3806,0.2857,700.0,0.0,33093.0,0.2
2026,Zhob,4,,,,355692.0,,,,,0,13,0,4.1679,49.0929,0.9714,1400.0,0.0,20297.0,0.2
2026,Ziarat,4,,,,189535.0,,,,,11,67,23,,,,2400.0,0.0,3301.0,0.2
2026,Abbottabad,4,,,,1419072.0,,,,,0,389,25,6.0592,64.0677,7.4429,1256.0,0.0,1967.0,0.75
2026,Bajaur,4,,,,,,,,,101,484,1,4.1631,66.349,4.7857,900.0,0.0,1290.0,0.2
2026,Bannu,4,,,,1357890.0,,,,,874,625,72,9.108,66.3499,6.0143,312.0,1.0,1227.0,0.2
2026,Battagram,4,,,,335984.0,,,,,8,177,NR,1.5759,72.5307,3.3714,1036.0,0.0,1301.0,0.2
2026,Buner,4,,,,,,,,,92,194,7,6.7435,68.4755,10.3286,700.0,0.0,1865.0,0.35
2026,Charsadda,4,,,,1835504.0,,,,,177,1402,78,9.4634,72.878,5.0429,300.0,2.0,996.0,0.2
2026,Chitral Lower,4,,,,,,,,,3,167,2,0.6573,61.5137,0.0,1500.0,1.0,6458.0,0.35
2026,Chitral Upper,4,,,,195528.0,,,,,1,53,7,0.6573,61.5137,0.0,2500.0,1.0,8392.0,0.2
2026,D.I. Khan,4,,,,1829811.0,,,,,89,1153,0,11.2411,70.5235,1.1,,,,
2026,Dir Lower,4,,,,,,,,,50,699,16,9.5521,70.187,4.3857,800.0,1.0,1583.0,0.35
2026,Dir Upper,4,,,,,,,,,8,467,3,1.0459,74.5851,0.1571,1200.0,1.0,3699.0,0.35
2026,Hangu,4,,,,528902.0,,,,,57,230,0,6.2494,68.6839,5.3714,900.0,0.0,1097.0,0.2
2026,Haripur,4,,,,1174783.0,,,,,0,748,0,7.9601,75.128,4.9429,605.0,2.0,1725.0,0.65
2026,Karak,4,,,,815878.0,,,,,52,285,3,9.4539,64.5957,4.6857,500.0,0.0,3372.0,0.2
2026,Khyber,4,,,,1146267.0,,,,,54,246,33,7.1429,66.2528,4.3857,1000.0,0.0,2576.0,0.2
2026,Kohat,4,,,,1234661.0,,,,,30,367,9,9.5205,65.4608,3.9143,500.0,0.0,2545.0,0.65
2026,Kohistan Lower,4,,,,340017.0,,,,,0,91,0,-15.6909,80.0071,0.0,1500.0,2.0,1200.0,0.2
2026,Kohistan Upper,4,,,,422947.0,,,,,3,186,1,-15.6909,80.0071,0.0,2500.0,2.0,4000.0,0.2
2026,Kolai Palas,4,,,,280162.0,,,,,0,41,1,-15.6909,80.0071,0.0,,,,
2026,L & C Kurram,4,,,,,,,,,3,10,2,-4.0339,76.3477,0.8571,,,,
2026,Lakki Marwat,4,,,,1040856.0,,,,,109,196,9,9.4446,70.3671,4.0714,250.0,1.0,3164.0,0.2
2026,Malakand,4,,,,,,,,,12,436,0,9.208,63.6719,6.1429,700.0,1.0,952.0,0.2
2026,Mansehra,4,,,,1797177.0,,,,,0,442,20,2.5845,73.4635,10.4714,1000.0,0.0,4579.0,0.2
2026,Mardan,4,,,,2744898.0,,,,,38,716,17,9.3009,73.6445,5.5714,300.0,0.0,1632.0,0.65
2026,Mohmand,4,,,,553933.0,,,,,44,32,0,9.208,63.6719,6.1429,600.0,0.0,2296.0,0.2
2026,North Waziristan,4,,,,693332.0,,,,,59,29,36,-6.6506,74.0046,0.1,1000.0,1.0,4707.0,0.2
2026,Nowshera,4,,,,1740705.0,,,,,66,987,11,9.3274,74.3878,6.3571,280.0,2.0,1748.0,0.65
2026,Orakzai,4,,,,387561.0,,,,,0,42,0,5.0946,69.0076,4.9714,1200.0,0.0,1538.0,0.2
2026,Peshawar,4,,,,4758762.0,,,,,7,2334,7,9.5426,74.113,4.0286,330.0,0.0,1257.0,0.75
2026,Shangla,4,,,,,,,,,32,324,3,-0.6896,63.846,0.0429,2000.0,2.0,1586.0,0.35
2026,South Waziristan (Lower),4,,,,,,,,,12,58,8,5.3789,53.9661,2.2857,,,,
2026,SWU,4,,,,,,,,,8,31,0,5.3789,53.9661,2.2857,,,,
2026,Swabi,4,,,,1894600.0,,,,,57,777,33,8.9536,78.7447,8.1,340.0,2.0,1543.0,0.65
2026,Swat,4,,,,,,,,,8,1300,25,4.8928,71.6197,6.0,980.0,1.0,5337.0,0.35
2026,Tank,4,,,,470293.0,,,,,78,365,0,10.1179,62.2963,1.8143,250.0,0.0,1679.0,0.2
2026,Tor Ghar,4,,,,200445.0,,,,,24,46,4,8.7141,75.2468,4.9429,,,,
2026,Upper Kurram,4,,,,785434.0,,,,,7,106,5,-4.0339,76.3477,0.8571,,,,
2026,Badin,5,,,,1947081.0,,,,,1969,1597,48,17.6833,47.3445,0.0,9.0,1.0,6726.0,0.35
2026,Dadu,5,,,,1742320.0,,,,,3075,1782,124,14.4494,68.246,0.1714,40.0,2.0,19070.0,0.35
2026,Ghotki,5,,,,1772609.0,,,,,1842,745,0,14.7116,63.3664,0.0714,72.0,1.0,6083.0,0.35
2026,Hyderabad,5,,,,2432540.0,,,,,662,1894,1,16.9673,52.402,0.0714,20.0,2.0,993.0,0.75
2026,Jacobabad,5,,,,1174097.0,,,,,967,522,10,14.7018,60.178,0.0857,55.0,0.0,2686.0,0.35
2026,Jamshoro,5,,,,1117308.0,,,,,1620,1197,27,16.8586,51.0381,0.0571,33.0,2.0,11204.0,0.35
2026,Kamber,5,,,,1514869.0,,,,,2286,1317,16,15.3789,58.6009,0.5714,50.0,0.0,5599.0,0.2
2026,Karachi Central,5,,,,3822325.0,,,,,17,1555,75,18.8033,45.7151,0.0,,,,
2026,Karachi East,5,,,,3950031.0,,,,,24,317,0,18.3167,46.7496,0.0286,,,,
2026,Karachi Keamari,5,,,,2068451.0,,,,,3,622,9,,,,,,,
2026,Karachi Korangi,5,,,,3128971.0,,,,,69,328,13,18.997,45.6031,0.0,,,,
2026,Karachi Malir,5,,,,2403959.0,,,,,116,1185,17,18.3167,46.7496,0.0286,,,,
2026,Karachi South,5,,,,2329764.0,,,,,9,84,0,16.986,47.9752,0.0,,,,
2026,Karachi West,5,,,,2679380.0,,,,,370,828,24,18.4732,48.1012,0.0,,,,
2026,Kashmore,5,,,,1233957.0,,,,,1591,201,0,14.3676,65.1198,0.1143,60.0,2.0,2592.0,0.35
2026,Khairpur,5,,,,2597535.0,,,,,4241,2659,131,14.5071,67.4767,0.0714,53.0,2.0,15910.0,0.5
2026,Larkana,5,,,,1784453.0,,,,,3089,1164,5,15.5199,57.0026,0.2714,48.0,2.0,1906.0,0.5
2026,Matiari,5,,,,849383.0,,,,,1848,984,1,16.3429,55.1883,0.4,25.0,2.0,1417.0,0.2
2026,Mirpurkhas,5,,,,1681386.0,,,,,1201,2245,45,15.6869,59.8939,0.0,16.0,0.0,2925.0,0.5
2026,Naushero Feroze,5,,,,1777082.0,,,,,1386,1400,35,14.428,67.7284,0.0143,38.0,2.0,2945.0,0.2
2026,Sanghar,5,,,,2308465.0,,,,,3239,1534,11,15.7577,58.9426,0.0,16.0,1.0,10608.0,0.2
2026,Shaheed Benazirabad,5,,,,1845102.0,,,,,1758,1310,100,14.469,68.8506,0.0,30.0,2.0,4502.0,0.5
2026,Shikarpur,5,,,,1386330.0,,,,,1642,836,4,15.6503,55.5438,0.6143,52.0,1.0,2512.0,0.35
2026,Sujawal,5,,,,839292.0,,,,,723,1225,15,17.953,46.5106,0.0,,,,
2026,Sukkur,5,,,,1639897.0,,,,,1327,857,5,14.5979,67.2189,0.1429,65.0,2.0,5165.0,0.75
2026,Tando Allahyar,5,,,,922012.0,,,,,802,756,4,16.5497,53.607,0.0,18.0,0.0,2343.0,0.2
2026,Tando Muhammad Khan,5,,,,726119.0,,,,,405,655,0,17.0801,50.3439,0.0,14.0,2.0,1733.0,0.2
2026,Tharparkar,5,,,,1778407.0,,,,,1412,1677,10,17.2798,48.2031,0.0,56.0,0.0,19638.0,0.35
2026,Thatta,5,,,,1083191.0,,,,,817,993,9,17.6503,49.3109,0.0,10.0,2.0,17355.0,0.35
2026,Umerkot,5,,,,1159831.0,,,,,1619,1225,24,16.817,50.7248,0.0,12.0,0.0,5608.0,0.35
2026,Awaran,5,,,,178958.0,,,,,NR,NR,NR,,,,500.0,0.0,29510.0,0.2
2026,Barkhan,5,,,,210249.0,,,,,9,17,18,9.558,55.1455,0.1571,1100.0,0.0,3514.0,0.2
2026,Chagai,5,,,,269192.0,,,,,NR,NR,NR,9.7905,73.552,1.4571,919.0,0.0,44748.0,0.2
2026,Chaman,5,,,,466218.0,,,,,NR,NR,NR,,,,1340.0,0.0,1341.0,0.2
2026,Dera Bugti,5,,,,355274.0,,,,,0,1,NR,12.6174,59.6598,0.1571,250.0,0.0,10160.0,0.2
2026,Duki,5,,,,205044.0,,,,,NR,NR,NR,,,,1100.0,0.0,4233.0,0.2
2026,Gwadar,5,,,,305160.0,,,,,35,90,4,17.9999,71.0094,4.9429,12.0,0.0,12637.0,0.35
2026,Harnai,5,,,,127571.0,,,,,36,136,0,,,,,,,
2026,Hub,5,,,,382885.0,,,,,25,112,1,17.1006,49.7134,0.0,,,,
2026,Jaffarabad,5,,,,594558.0,,,,,7,19,0,,,,55.0,1.0,1643.0,0.2
2026,Jhal Magsi,5,,,,203368.0,,,,,15,22,3,,,,60.0,0.0,3615.0,0.2
2026,Kachhi (Bolan),5,,,,,,,,,290,254,0,10.4213,54.6583,1.0857,,,,
2026,Kalat,5,,,,271560.0,,,,,0,0,0,3.3321,62.5658,0.1,2000.0,0.0,7654.0,0.2
2026,Kech (Turbat),5,,,,1060931.0,,,,,3,73,1,,,,,,,
2026,Kharan,5,,,,260352.0,,,,,3,105,6,10.5464,72.2217,0.8714,700.0,0.0,14958.0,0.2
2026,Khuzdar,5,,,,997214.0,,,,,2,20,NR,9.1511,57.1558,0.1714,1237.0,0.0,35380.0,0.2
2026,Killa Abdullah,5,,,,361971.0,,,,,0,12,0,5.5474,72.2753,4.8286,1500.0,0.0,3553.0,0.2
2026,Killa Saifullah,5,,,,380200.0,,,,,24,31,6,4.7346,65.4316,0.9571,1500.0,0.0,6831.0,0.2
2026,Kohlu,5,,,,260220.0,,,,,4,9,1,8.663,57.7058,0.6714,1000.0,0.0,7610.0,0.2
2026,Lasbella,5,,,,680977.0,,,,,155,268,6,16.9196,52.1852,0.1714,,,,
2026,Loralai,5,,,,272432.0,,,,,NR,NR,NR,4.3604,71.8446,0.1857,1400.0,0.0,3785.0,0.2
2026,Mastung,5,,,,313271.0,,,,,3,112,7,2.4854,78.6398,1.4857,1700.0,0.0,3308.0,0.2
2026,MusaKhel,5,,,,196756.0,,,,,92,74,10,5.5964,65.4226,1.0714,,,,
2026,Naseerabad,5,,,,563315.0,,,,,116,215,13,15.2592,56.5505,0.1571,,,,
2026,Nushki,5,,,,207834.0,,,,,NR,NR,NR,7.8982,73.9993,3.1143,900.0,0.0,5797.0,0.2
2026,Panjgur,5,,,,509781.0,,,,,NR,NR,NR,9.9943,70.3383,1.5429,900.0,0.0,16891.0,0.2
2026,Pishin,5,,,,835482.0,,,,,NR,NR,NR,3.4051,76.0543,3.2571,1550.0,0.0,6218.0,0.2
2026,Quetta,5,,,,2595492.0,,,,,3,171,1,3.2081,76.6201,1.2286,1680.0,0.0,3447.0,0.75
2026,Sherani,5,,,,191687.0,,,,,NR,NR,NR,,,,1500.0,0.0,2700.0,0.2
2026,Sibi,5,,,,224148.0,,,,,87,155,10,13.6461,55.9473,0.1429,130.0,0.0,7121.0,0.2
2026,Sohbat pur,5,,,,240106.0,,,,,NR,NR,NR,14.831,59.8174,0.1,,,,
2026,Surab,5,,,,279038.0,,,,,NR,NR,NR,3.8833,63.742,0.2,,,,
2026,Usta Muhammad,5,,,,,,,,,46,167,0,14.5539,61.8394,0.0429,,,,
2026,Washuk,5,,,,302623.0,,,,,NR,NR,NR,6.7795,72.4266,0.9857,700.0,0.0,33093.0,0.2
2026,Zhob,5,,,,355692.0,,,,,0,18,1,5.1387,60.2432,1.2143,1400.0,0.0,20297.0,0.2
2026,Ziarat,5,,,,189535.0,,,,,NR,NR,NR,,,,2400.0,0.0,3301.0,0.2
2026,Abbottabad,5,,,,1419072.0,,,,,0,369,18,7.3075,67.4199,3.8143,1256.0,0.0,1967.0,0.75
2026,Bajaur,5,,,,,,,,,104,418,3,5.8705,54.3923,1.9857,900.0,0.0,1290.0,0.2
2026,Bannu,5,,,,1357890.0,,,,,947,583,66,10.8548,58.42,0.0,312.0,1.0,1227.0,0.2
2026,Battagram,5,,,,335984.0,,,,,4,159,2,2.1943,71.4343,4.1714,1036.0,0.0,1301.0,0.2
2026,Buner,5,,,,,,,,,77,140,4,8.8226,64.1274,3.3857,700.0,0.0,1865.0,0.35
2026,Charsadda,5,,,,1835504.0,,,,,152,1433,184,10.1095,67.494,1.8286,300.0,2.0,996.0,0.2
2026,Chitral Lower,5,,,,,,,,,5,251,5,0.9692,57.327,0.0,1500.0,1.0,6458.0,0.35
2026,Chitral Upper,5,,,,195528.0,,,,,0,51,3,0.9692,57.327,0.0,2500.0,1.0,8392.0,0.2
2026,D.I. Khan,5,,,,1829811.0,,,,,91,1366,0,11.8622,66.9582,0.0429,,,,
2026,Dir Lower,5,,,,,,,,,49,835,19,10.5446,60.4659,1.8429,800.0,1.0,1583.0,0.35
2026,Dir Upper,5,,,,,,,,,5,630,8,1.0173,69.3123,0.3143,1200.0,1.0,3699.0,0.35
2026,Hangu,5,,,,528902.0,,,,,16,238,0,7.3039,58.8797,0.3429,900.0,0.0,1097.0,0.2
2026,Haripur,5,,,,1174783.0,,,,,0,750,0,8.7932,75.1866,1.9857,605.0,2.0,1725.0,0.65
2026,Karak,5,,,,815878.0,,,,,26,220,1,10.7949,54.3911,0.0429,500.0,0.0,3372.0,0.2
2026,Khyber,5,,,,1146267.0,,,,,33,180,11,8.4851,56.4649,0.8714,1000.0,0.0,2576.0,0.2
2026,Kohat,5,,,,1234661.0,,,,,18,421,6,10.4589,56.0394,0.1571,500.0,0.0,2545.0,0.65
2026,Kohistan Lower,5,,,,340017.0,,,,,0,121,0,-14.7495,77.9906,0.0,1500.0,2.0,1200.0,0.2
2026,Kohistan Upper,5,,,,422947.0,,,,,5,266,0,-14.7495,77.9906,0.0,2500.0,2.0,4000.0,0.2
2026,Kolai Palas,5,,,,280162.0,,,,,0,79,0,-14.7495,77.9906,0.0,,,,
2026,L & C Kurram,5,,,,,,,,,1,23,0,-4.6678,70.4518,0.0,,,,
2026,Lakki Marwat,5,,,,1040856.0,,,,,118,317,8,10.1068,67.368,0.0857,250.0,1.0,3164.0,0.2
2026,Malakand,5,,,,,,,,,11,426,0,9.9158,62.018,1.8286,700.0,1.0,952.0,0.2
2026,Mansehra,5,,,,1797177.0,,,,,0,493,25,5.3557,70.6478,5.7714,1000.0,0.0,4579.0,0.2
2026,Mardan,5,,,,2744898.0,,,,,12,745,7,9.7161,76.7176,1.7286,300.0,0.0,1632.0,0.65
2026,Mohmand,5,,,,553933.0,,,,,43,27,3,9.9158,62.018,1.8286,600.0,0.0,2296.0,0.2
2026,North Waziristan,5,,,,693332.0,,,,,65,41,24,-6.5003,69.166,0.0571,1000.0,1.0,4707.0,0.2
2026,Nowshera,5,,,,1740705.0,,,,,45,806,9,10.0298,67.5134,1.6714,280.0,2.0,1748.0,0.65
2026,Orakzai,5,,,,387561.0,,,,,1,34,0,6.1012,58.8817,0.3,1200.0,0.0,1538.0,0.2
2026,Peshawar,5,,,,4758762.0,,,,,12,2850,27,9.9437,74.4727,0.7429,330.0,0.0,1257.0,0.75
2026,Shangla,5,,,,,,,,,76,489,16,0.5738,59.7864,0.0571,2000.0,2.0,1586.0,0.35
2026,South Waziristan (Lower),5,,,,,,,,,14,70,5,6.3301,58.5637,1.1286,,,,
2026,SWU,5,,,,,,,,,14,24,0,6.3301,58.5637,1.1286,,,,
2026,Swabi,5,,,,1894600.0,,,,,58,820,24,9.5586,79.8716,1.6571,340.0,2.0,1543.0,0.65
2026,Swat,5,,,,,,,,,14,1383,24,6.7169,69.144,4.0,980.0,1.0,5337.0,0.35
2026,Tank,5,,,,470293.0,,,,,88,394,0,11.2223,57.333,0.0,250.0,0.0,1679.0,0.2
2026,Tor Ghar,5,,,,200445.0,,,,,13,83,11,9.5472,75.3048,1.9857,,,,
2026,Upper Kurram,5,,,,785434.0,,,,,10,144,7,-4.6678,70.4518,0.0,,,,
