Year,District,week_index,avg_rainfall,Avg_Temperature,Avg_Humidity,Population,People_Displaced,Fatalities,Days_Since_Flood_Start,Waterbody_Proximity,Malaria_cases,AD_cases,Typhoid_cases
2026,Badin,1,,,,1947081,,,,,1948,1745,151
2026,Dadu,1,,,,1742320,,,,,3573,1984,324
2026,Ghotki,1,,,,1772609,,,,,2270,692,72
2026,Hyderabad,1,,,,2432540,,,,,432,2029,92
2026,Jacobabad,1,,,,1174097,,,,,786,502,66
2026,Jamshoro,1,,,,1117308,,,,,1662,1198,62
2026,Kamber,1,,,,1514869,,,,,1822,1282,90
2026,Karachi Central,1,,,,3822325,,,,,13,1522,0
2026,Karachi East,1,,,,3950031,,,,,34,211,1
2026,Karachi Keamari,1,,,,2068451,,,,,2,501,0
2026,Karachi Korangi,1,,,,3128971,,,,,100,373,9
2026,Karachi Malir,1,,,,2403959,,,,,28,499,17
2026,Karachi South,1,,,,2329764,,,,,15,71,0
2026,Karachi West,1,,,,2679380,,,,,344,760,18
2026,Kashmore,1,,,,1233957,,,,,2002,238,33
2026,Khairpur,1,,,,2597535,,,,,3798,2510,227
2026,Larkana,1,,,,1784453,,,,,2944,1156,206
2026,Matiari,1,,,,849383,,,,,2003,1061,42
2026,Mirpurkhas,1,,,,1681386,,,,,1530,2246,138
2026,Naushero Feroze,1,,,,1777082,,,,,1096,1211,241
2026,Sanghar,1,,,,2308465,,,,,3300,1413,70
2026,Shaheed Benazirabad,1,,,,1845102,,,,,1846,1157,73
2026,Shikarpur,1,,,,1386330,,,,,1994,755,124
2026,Sujawal,1,,,,839292,,,,,563,959,92
2026,Sukkur,1,,,,1639897,,,,,1500,797,101
2026,Tando Allahyar,1,,,,922012,,,,,1089,693,81
2026,Tando Muhammad Khan,1,,,,726119,,,,,405,727,89
2026,Tharparkar,1,,,,1778407,,,,,1696,2038,108
2026,Thatta,1,,,,1083191,,,,,957,1151,11
2026,Umerkot,1,,,,1159831,,,,,1586,1290,69
2026,Awaran,1,,,,178958,,,,,NR,NR,NR
2026,Barkhan,1,,,,210249,,,,,17,57,15
2026,Chagai,1,,,,269192,,,,,12,69,8
2026,Chaman,1,,,,466218,,,,,1,65,38
2026,Dera Bugti,1,,,,355274,,,,,1,14,6
2026,Duki,1,,,,205044,,,,,NR,NR,NR
2026,Gwadar,1,,,,305160,,,,,12,14,2
2026,Harnai,1,,,,127571,,,,,53,145,0
2026,Hub,1,,,,382885,,,,,75,132,0
2026,Jaffarabad,1,,,,594558,,,,,187,150,4
2026,Jhal Magsi,1,,,,203368,,,,,178,120,8
2026,Kachhi (Bolan),1,,,,,,,,,408,268,0
2026,Kalat,1,,,,271560,,,,,0,0,0
2026,Kech (Turbat),1,,,,1060931,,,,,26,83,NR
2026,Kharan,1,,,,260352,,,,,9,134,4
2026,Khuzdar,1,,,,997214,,,,,11,16,7
2026,Killa Abdullah,1,,,,361971,,,,,2,113,3
2026,Killa Saifullah,1,,,,380200,,,,,NR,NR,NR
2026,Kohlu,1,,,,260220,,,,,12,12,5
2026,Lasbella,1,,,,680977,,,,,209,305,4
2026,Loralai,1,,,,272432,,,,,8,192,17
2026,Mastung,1,,,,313271,,,,,26,130,3
2026,MusaKhel,1,,,,196756,,,,,48,70,6
2026,Naseerabad,1,,,,563315,,,,,191,269,34
2026,Nushki,1,,,,207834,,,,,NR,NR,NR
2026,Panjgur,1,,,,509781,,,,,NR,NR,NR
2026,Pishin,1,,,,835482,,,,,8,193,20
2026,Quetta,1,,,,2595492,,,,,7,199,15
2026,Sherani,1,,,,191687,,,,,NR,NR,NR
2026,Sibi,1,,,,224148,,,,,240,340,24
2026,Sohbat pur,1,,,,240106,,,,,45,198,8
2026,Surab,1,,,,279038,,,,,0,16,0
2026,Usta Muhammad,1,,,,,,,,,100,464,1
2026,Washuk,1,,,,302623,,,,,NR,NR,NR
2026,Zhob,1,,,,355692,,,,,0,20,5
2026,Ziarat,1,,,,189535,,,,,29,37,5
2026,Abbottabad,1,,,,1419072,,,,,0,557,19
2026,Bajaur,1,,,,,,,,,76,410,1
2026,Bannu,1,,,,1357890,,,,,795,506,83
2026,Battagram,1,,,,335984,,,,,27,201,3
2026,Buner,1,,,,,,,,,149,128,5
2026,Charsadda,1,,,,1835504,,,,,190,1231,57
2026,Chitral Lower,1,,,,,,,,,9,259,5
2026,Chitral Upper,1,,,,195528,,,,,5,90,7
2026,D.I. Khan,1,,,,1829811,,,,,164,1356,2
2026,Dir Lower,1,,,,,,,,,65,792,18
2026,Dir Upper,1,,,,,,,,,11,635,8
2026,Hangu,1,,,,528902,,,,,64,190,3
2026,Haripur,1,,,,1174783,,,,,0,740,45
2026,Karak,1,,,,815878,,,,,55,239,3
2026,Khyber,1,,,,1146267,,,,,91,305,55
2026,Kohat,1,,,,1234661,,,,,43,274,8
2026,Kohistan Lower,1,,,,340017,,,,,0,58,0
2026,Kohistan Upper,1,,,,422947,,,,,2,187,0
2026,Kolai Palas,1,,,,280162,,,,,0,70,0
2026,L & C Kurram,1,,,,,,,,,9,17,0
2026,Lakki Marwat,1,,,,1040856,,,,,161,203,3
2026,Malakand,1,,,,,,,,,18,340,0
2026,Mansehra,1,,,,1797177,,,,,NR,355,42
2026,Mardan,1,,,,2744898,,,,,13,673,12
2026,Mohmand,1,,,,553933,,,,,77,45,5
2026,North Waziristan,1,,,,693332,,,,,50,53,37
2026,Nowshera,1,,,,1740705,,,,,32,811,4
2026,Orakzai,1,,,,387561,,,,,1,36,0
2026,Peshawar,1,,,,4758762,,,,,9,2429,22
2026,Shangla,1,,,,,,,,,58,511,18
2026,South Waziristan (Lower),1,,,,,,,,,12,42,7
2026,SWU,1,,,,,,,,,11,23,0
2026,Swabi,1,,,,1894600,,,,,45,826,41
2026,Swat,1,,,,,,,,,8,1292,48
2026,Tank,1,,,,470293,,,,,96,308,0
2026,Tor Ghar,1,,,,200445,,,,,12,50,3
2026,Upper Kurram,1,,,,785434,,,,,8,132,9
2026,Badin,2,,,,1947081,,,,,1861,1743,146
2026,Dadu,2,,,,1742320,,,,,3181,1993,293
2026,Ghotki,2,,,,1772609,,,,,1169,548,68
2026,Hyderabad,2,,,,2432540,,,,,417,1890,56
2026,Jacobabad,2,,,,1174097,,,,,782,407,51
2026,Jamshoro,2,,,,1117308,,,,,1776,1213,58
2026,Kamber,2,,,,1514869,,,,,1913,1279,79
2026,Karachi Central,2,,,,3822325,,,,,16,1546,1
2026,Karachi East,2,,,,3950031,,,,,11,211,0
2026,Karachi Keamari,2,,,,2068451,,,,,0,539,3
2026,Karachi Korangi,2,,,,3128971,,,,,90,376,2
2026,Karachi Malir,2,,,,2403959,,,,,24,502,13
2026,Karachi South,2,,,,2329764,,,,,14,69,0
2026,Karachi West,2,,,,2679380,,,,,385,837,18
2026,Kashmore,2,,,,1233957,,,,,1589,188,20
2026,Khairpur,2,,,,2597535,,,,,2844,2272,264
2026,Larkana,2,,,,1784453,,,,,2966,1078,225
2026,Matiari,2,,,,849383,,,,,1689,962,41
2026,Mirpurkhas,2,,,,1681386,,,,,1256,2240,116
2026,Naushero Feroze,2,,,,1777082,,,,,1046,1133,123
2026,Sanghar,2,,,,2308465,,,,,3068,1337,74
2026,Shaheed Benazirabad,2,,,,1845102,,,,,1691,1123,82
2026,Shikarpur,2,,,,1386330,,,,,1229,708,125
2026,Sujawal,2,,,,839292,,,,,235,788,95
2026,Sukkur,2,,,,1639897,,,,,1194,767,104
2026,Tando Allahyar,2,,,,922012,,,,,784,686,84
2026,Tando Muhammad Khan,2,,,,726119,,,,,383,686,87
2026,Tharparkar,2,,,,1778407,,,,,1555,1941,69
2026,Thatta,2,,,,1083191,,,,,788,1163,14
2026,Umerkot,2,,,,1159831,,,,,1269,1108,75
2026,Awaran,2,,,,178958,,,,,NR,NR,NR
2026,Barkhan,2,,,,210249,,,,,32,76,15
2026,Chagai,2,,,,269192,,,,,0,75,3
2026,Chaman,2,,,,466218,,,,,41,41,14
2026,Dera Bugti,2,,,,355274,,,,,NR,NR,NR
2026,Duki,2,,,,205044,,,,,NR,NR,NR
2026,Gwadar,2,,,,305160,,,,,54,335,16
2026,Harnai,2,,,,127571,,,,,347,173,0
2026,Hub,2,,,,382885,,,,,33,96,3
2026,Jaffarabad,2,,,,594558,,,,,20,159,7
2026,Jhal Magsi,2,,,,203368,,,,,93,219,6
2026,Kachhi (Bolan),2,,,,,,,,,78,209,0
2026,Kalat,2,,,,271560,,,,,0,0,0
2026,Kech (Turbat),2,,,,1060931,,,,,2,101,NR
2026,Kharan,2,,,,260352,,,,,2,129,3
2026,Khuzdar,2,,,,997214,,,,,23,293,64
2026,Killa Abdullah,2,,,,361971,,,,,34,129,18
2026,Killa Saifullah,2,,,,380200,,,,,322,175,16
2026,Kohlu,2,,,,260220,,,,,11,79,5
2026,Lasbella,2,,,,680977,,,,,146,294,3
2026,Loralai,2,,,,272432,,,,,NR,NR,NR
2026,Mastung,2,,,,313271,,,,,125,134,6
2026,MusaKhel,2,,,,196756,,,,,41,59,12
2026,Naseerabad,2,,,,563315,,,,,34,300,47
2026,Nushki,2,,,,207834,,,,,25,58,0
2026,Panjgur,2,,,,509781,,,,,NR,NR,NR
2026,Pishin,2,,,,835482,,,,,181,245,18
2026,Quetta,2,,,,2595492,,,,,181,278,7
2026,Sherani,2,,,,191687,,,,,NR,NR,NR
2026,Sibi,2,,,,224148,,,,,179,427,30
2026,Sohbat pur,2,,,,240106,,,,,149,169,5
2026,Surab,2,,,,279038,,,,,0,14,0
2026,Usta Muhammad,2,,,,,,,,,277,366,1
2026,Washuk,2,,,,302623,,,,,NR,NR,NR
2026,Zhob,2,,,,355692,,,,,88,20,0
2026,Ziarat,2,,,,189535,,,,,160,58,8
2026,Abbottabad,2,,,,1419072,,,,,0,539,20
2026,Bajaur,2,,,,,,,,,78,404,2
2026,Bannu,2,,,,1357890,,,,,976,601,94
2026,Battagram,2,,,,335984,,,,,10,261,10
2026,Buner,2,,,,,,,,,97,151,5
2026,Charsadda,2,,,,1835504,,,,,180,1369,158
2026,Chitral Lower,2,,,,,,,,,1,266,1
2026,Chitral Upper,2,,,,195528,,,,,0,85,8
2026,D.I. Khan,2,,,,1829811,,,,,83,1185,0
2026,Dir Lower,2,,,,,,,,,61,907,18
2026,Dir Upper,2,,,,,,,,,11,552,3
2026,Hangu,2,,,,528902,,,,,82,283,0
2026,Haripur,2,,,,1174783,,,,,0,847,42
2026,Karak,2,,,,815878,,,,,49,323,2
2026,Khyber,2,,,,1146267,,,,,80,340,52
2026,Kohat,2,,,,1234661,,,,,28,352,3
2026,Kohistan Lower,2,,,,340017,,,,,0,68,2
2026,Kohistan Upper,2,,,,422947,,,,,4,196,0
2026,Kolai Palas,2,,,,280162,,,,,0,83,1
2026,L & C Kurram,2,,,,,,,,,0,4,1
2026,Lakki Marwat,2,,,,1040856,,,,,129,210,8
2026,Malakand,2,,,,,,,,,24,508,0
2026,Mansehra,2,,,,1797177,,,,,0,570,4
2026,Mardan,2,,,,2744898,,,,,18,669,9
2026,Mohmand,2,,,,553933,,,,,54,31,2
2026,North Waziristan,2,,,,693332,,,,,36,32,26
2026,Nowshera,2,,,,1740705,,,,,75,910,4
2026,Orakzai,2,,,,387561,,,,,0,60,0
2026,Peshawar,2,,,,4758762,,,,,4,2559,13
2026,Shangla,2,,,,,,,,,59,563,12
2026,South Waziristan (Lower),2,,,,,,,,,9,63,33
2026,SWU,2,,,,,,,,,9,29,1
2026,Swabi,2,,,,1894600,,,,,49,662,43
2026,Swat,2,,,,,,,,,20,1570,49
2026,Tank,2,,,,470293,,,,,58,288,0
2026,Tor Ghar,2,,,,200445,,,,,14,48,8
2026,Upper Kurram,2,,,,785434,,,,,9,164,9
2026,Badin,3,,,,1947081,,,,,1618,1658,186
2026,Dadu,3,,,,1742320,,,,,3281,1955,279
2026,Ghotki,3,,,,1772609,,,,,1232,668,75
2026,Hyderabad,3,,,,2432540,,,,,338,1806,59
2026,Jacobabad,3,,,,1174097,,,,,810,515,71
2026,Jamshoro,3,,,,1117308,,,,,1633,1237,70
2026,Kamber,3,,,,1514869,,,,,2110,1227,91
2026,Karachi Central,3,,,,3822325,,,,,14,1606,2
2026,Karachi East,3,,,,3950031,,,,,19,258,3
2026,Karachi Keamari,3,,,,2068451,,,,,6,500,0
2026,Karachi Korangi,3,,,,3128971,,,,,66,305,4
2026,Karachi Malir,3,,,,2403959,,,,,35,799,29
2026,Karachi South,3,,,,2329764,,,,,16,66,0
2026,Karachi West,3,,,,2679380,,,,,335,847,21
2026,Kashmore,3,,,,1233957,,,,,1599,169,23
2026,Khairpur,3,,,,2597535,,,,,3525,2668,295
2026,Larkana,3,,,,1784453,,,,,3438,1157,239
2026,Matiari,3,,,,849383,,,,,1728,1032,51
2026,Mirpurkhas,3,,,,1681386,,,,,1102,1821,92
2026,Naushero Feroze,3,,,,1777082,,,,,1481,1500,224
2026,Sanghar,3,,,,2308465,,,,,2963,1477,65
2026,Shaheed Benazirabad,3,,,,1845102,,,,,1631,1154,79
2026,Shikarpur,3,,,,1386330,,,,,1471,836,148
2026,Sujawal,3,,,,839292,,,,,781,1372,79
2026,Sukkur,3,,,,1639897,,,,,1105,822,107
2026,Tando Allahyar,3,,,,922012,,,,,961,764,80
2026,Tando Muhammad Khan,3,,,,726119,,,,,416,772,85
2026,Tharparkar,3,,,,1778407,,,,,1505,1782,101
2026,Thatta,3,,,,1083191,,,,,741,1297,14
2026,Umerkot,3,,,,1159831,,,,,1746,1309,87
2026,Awaran,3,,,,178958,,,,,NR,NR,NR
2026,Barkhan,3,,,,210249,,,,,29,54,21
2026,Chagai,3,,,,269192,,,,,34,92,6
2026,Chaman,3,,,,466218,,,,,NR,NR,NR
2026,Dera Bugti,3,,,,355274,,,,,0,2,0
2026,Duki,3,,,,205044,,,,,NR,NR,NR
2026,Gwadar,3,,,,305160,,,,,49,283,12
2026,Harnai,3,,,,127571,,,,,37,184,0
2026,Hub,3,,,,382885,,,,,54,210,6
2026,Jaffarabad,3,,,,594558,,,,,136,168,5
2026,Jhal Magsi,3,,,,203368,,,,,174,137,5
2026,Kachhi (Bolan),3,,,,,,,,,273,239,0
2026,Kalat,3,,,,271560,,,,,0,0,0
2026,Kech (Turbat),3,,,,1060931,,,,,175,436,NR
2026,Kharan,3,,,,260352,,,,,13,144,5
2026,Khuzdar,3,,,,997214,,,,,36,99,32
2026,Killa Abdullah,3,,,,361971,,,,,2,119,14
2026,Killa Saifullah,3,,,,380200,,,,,141,144,28
2026,Kohlu,3,,,,260220,,,,,45,100,10
2026,Lasbella,3,,,,680977,,,,,230,340,6
2026,Loralai,3,,,,272432,,,,,20,193,19
2026,Mastung,3,,,,313271,,,,,26,111,6
2026,MusaKhel,3,,,,196756,,,,,NR,NR,NR
2026,Naseerabad,3,,,,563315,,,,,121,260,20
2026,Nushki,3,,,,207834,,,,,1,67,1
2026,Panjgur,3,,,,509781,,,,,NR,NR,NR
2026,Pishin,3,,,,835482,,,,,10,211,14
2026,Quetta,3,,,,2595492,,,,,5,237,11
2026,Sherani,3,,,,191687,,,,,NR,NR,NR
2026,Sibi,3,,,,224148,,,,,157,397,35
2026,Sohbat pur,3,,,,240106,,,,,28,129,10
2026,Surab,3,,,,279038,,,,,0,8,0
2026,Usta Muhammad,3,,,,,,,,,67,354,2
2026,Washuk,3,,,,302623,,,,,NR,NR,NR
2026,Zhob,3,,,,355692,,,,,0,37,0
2026,Ziarat,3,,,,189535,,,,,35,95,23
2026,Abbottabad,3,,,,1419072,,,,,0,508,17
2026,Bajaur,3,,,,,,,,,96,469,3
2026,Bannu,3,,,,1357890,,,,,1143,610,89
2026,Battagram,3,,,,335984,,,,,7,208,1
2026,Buner,3,,,,,,,,,96,183,5
2026,Charsadda,3,,,,1835504,,,,,148,1249,73
2026,Chitral Lower,3,,,,,,,,,1,322,2
2026,Chitral Upper,3,,,,195528,,,,,1,74,8
2026,D.I. Khan,3,,,,1829811,,,,,93,1126,0
2026,Dir Lower,3,,,,,,,,,38,849,18
2026,Dir Upper,3,,,,,,,,,5,616,14
2026,Hangu,3,,,,528902,,,,,65,237,0
2026,Haripur,3,,,,1174783,,,,,0,1053,35
2026,Karak,3,,,,815878,,,,,52,296,6
2026,Khyber,3,,,,1146267,,,,,94,332,57
2026,Kohat,3,,,,1234661,,,,,25,347,4
2026,Kohistan Lower,3,,,,340017,,,,,0,63,0
2026,Kohistan Upper,3,,,,422947,,,,,2,216,1
2026,Kolai Palas,3,,,,280162,,,,,1,24,2
2026,L & C Kurram,3,,,,,,,,,0,5,0
2026,Lakki Marwat,3,,,,1040856,,,,,123,227,9
2026,Malakand,3,,,,,,,,,19,422,0
2026,Mansehra,3,,,,1797177,,,,,NR,525,19
2026,Mardan,3,,,,2744898,,,,,31,687,28
2026,Mohmand,3,,,,553933,,,,,53,27,3
2026,North Waziristan,3,,,,693332,,,,,61,76,47
2026,Nowshera,3,,,,1740705,,,,,51,984,7
2026,Orakzai,3,,,,387561,,,,,1,36,0
2026,Peshawar,3,,,,4758762,,,,,10,2390,29
2026,Shangla,3,,,,,,,,,54,276,25
2026,South Waziristan (Lower),3,,,,,,,,,11,84,9
2026,SWU,3,,,,,,,,,2,48,0
2026,Swabi,3,,,,1894600,,,,,56,798,34
2026,Swat,3,,,,,,,,,18,1462,7
2026,Tank,3,,,,470293,,,,,79,336,0
2026,Tor Ghar,3,,,,200445,,,,,21,57,10
2026,Upper Kurram,3,,,,785434,,,,,11,159,6
2026,Badin,4,,,,1947081,,,,,1941,2017,176
2026,Dadu,4,,,,1742320,,,,,3082,1941,338
2026,Ghotki,4,,,,1772609,,,,,1215,609,70
2026,Hyderabad,4,,,,2432540,,,,,443,2246,63
2026,Jacobabad,4,,,,1174097,,,,,895,543,82
2026,Jamshoro,4,,,,1117308,,,,,1847,1393,63
2026,Kamber,4,,,,1514869,,,,,2425,1324,101
2026,Karachi Central,4,,,,3822325,,,,,13,1567,67
2026,Karachi East,4,,,,3950031,,,,,16,300,0
2026,Karachi Keamari,4,,,,2068451,,,,,1,542,0
2026,Karachi Korangi,4,,,,3128971,,,,,56,400,1
2026,Karachi Malir,4,,,,2403959,,,,,92,1142,10
2026,Karachi South,4,,,,2329764,,,,,14,84,0
2026,Karachi West,4,,,,2679380,,,,,269,758,22
2026,Kashmore,4,,,,1233957,,,,,1773,198,0
2026,Khairpur,4,,,,2597535,,,,,3573,2701,142
2026,Larkana,4,,,,1784453,,,,,3412,1305,3
2026,Matiari,4,,,,849383,,,,,2003,967,1
2026,Mirpurkhas,4,,,,1681386,,,,,1410,2121,7
2026,Naushero Feroze,4,,,,1777082,,,,,979,1178,36
2026,Sanghar,4,,,,2308465,,,,,3159,1528,21
2026,Shaheed Benazirabad,4,,,,1845102,,,,,1966,1301,79
2026,Shikarpur,4,,,,1386330,,,,,1625,867,6
2026,Sujawal,4,,,,839292,,,,,883,804,12
2026,Sukkur,4,,,,1639897,,,,,1091,872,2
2026,Tando Allahyar,4,,,,922012,,,,,859,739,6
2026,Tando Muhammad Khan,4,,,,726119,,,,,534,762,0
2026,Tharparkar,4,,,,1778407,,,,,1448,1854,15
2026,Thatta,4,,,,1083191,,,,,847,1035,10
2026,Umerkot,4,,,,1159831,,,,,1648,1316,27
2026,Awaran,4,,,,178958,,,,,NR,NR,NR
2026,Barkhan,4,,,,210249,,,,,25,59,25
2026,Chagai,4,,,,269192,,,,,23,68,1
2026,Chaman,4,,,,466218,,,,,NR,NR,NR
2026,Dera Bugti,4,,,,355274,,,,,0,3,0
2026,Duki,4,,,,205044,,,,,NR,NR,NR
2026,Gwadar,4,,,,305160,,,,,23,233,3
2026,Harnai,4,,,,127571,,,,,37,138,0
2026,Hub,4,,,,382885,,,,,37,142,1
2026,Jaffarabad,4,,,,594558,,,,,52,79,2
2026,Jhal Magsi,4,,,,203368,,,,,120,160,0
2026,Kachhi (Bolan),4,,,,,,,,,314,254,0
2026,Kalat,4,,,,271560,,,,,0,0,0
2026,Kech (Turbat),4,,,,1060931,,,,,NR,NR,NR
2026,Kharan,4,,,,260352,,,,,10,139,5
2026,Khuzdar,4,,,,997214,,,,,NR,NR,NR
2026,Killa Abdullah,4,,,,361971,,,,,2,78,16
2026,Killa Saifullah,4,,,,380200,,,,,94,145,12
2026,Kohlu,4,,,,260220,,,,,11,58,NR
2026,Lasbella,4,,,,680977,,,,,211,275,6
2026,Loralai,4,,,,272432,,,,,9,152,20
2026,Mastung,4,,,,313271,,,,,14,111,7
2026,MusaKhel,4,,,,196756,,,,,NR,NR,NR
2026,Naseerabad,4,,,,563315,,,,,93,266,26
2026,Nushki,4,,,,207834,,,,,2,28,0
2026,Panjgur,4,,,,509781,,,,,NR,NR,NR
2026,Pishin,4,,,,835482,,,,,NR,NR,NR
2026,Quetta,4,,,,2595492,,,,,7,256,16
2026,Sherani,4,,,,191687,,,,,NR,NR,NR
2026,Sibi,4,,,,224148,,,,,124,426,46
2026,Sohbat pur,4,,,,240106,,,,,NR,NR,NR
2026,Surab,4,,,,279038,,,,,0,6,0
2026,Usta Muhammad,4,,,,,,,,,35,211,0
2026,Washuk,4,,,,302623,,,,,NR,NR,NR
2026,Zhob,4,,,,355692,,,,,0,13,0
2026,Ziarat,4,,,,189535,,,,,11,67,23
2026,Abbottabad,4,,,,1419072,,,,,0,389,25
2026,Bajaur,4,,,,,,,,,101,484,1
2026,Bannu,4,,,,1357890,,,,,874,625,72
2026,Battagram,4,,,,335984,,,,,8,177,NR
2026,Buner,4,,,,,,,,,92,194,7
2026,Charsadda,4,,,,1835504,,,,,177,1402,78
2026,Chitral Lower,4,,,,,,,,,3,167,2
2026,Chitral Upper,4,,,,195528,,,,,1,53,7
2026,D.I. Khan,4,,,,1829811,,,,,89,1153,0
2026,Dir Lower,4,,,,,,,,,50,699,16
2026,Dir Upper,4,,,,,,,,,8,467,3
2026,Hangu,4,,,,528902,,,,,57,230,0
2026,Haripur,4,,,,1174783,,,,,0,748,0
2026,Karak,4,,,,815878,,,,,52,285,3
2026,Khyber,4,,,,1146267,,,,,54,246,33
2026,Kohat,4,,,,1234661,,,,,30,367,9
2026,Kohistan Lower,4,,,,340017,,,,,0,91,0
2026,Kohistan Upper,4,,,,422947,,,,,3,186,1
2026,Kolai Palas,4,,,,280162,,,,,0,41,1
2026,L & C Kurram,4,,,,,,,,,3,10,2
2026,Lakki Marwat,4,,,,1040856,,,,,109,196,9
2026,Malakand,4,,,,,,,,,12,436,0
2026,Mansehra,4,,,,1797177,,,,,0,442,20
2026,Mardan,4,,,,2744898,,,,,38,716,17
2026,Mohmand,4,,,,553933,,,,,44,32,0
2026,North Waziristan,4,,,,693332,,,,,59,29,36
2026,Nowshera,4,,,,1740705,,,,,66,987,11
2026,Orakzai,4,,,,387561,,,,,0,42,0
2026,Peshawar,4,,,,4758762,,,,,7,2334,7
2026,Shangla,4,,,,,,,,,32,324,3
2026,South Waziristan (Lower),4,,,,,,,,,12,58,8
2026,SWU,4,,,,,,,,,8,31,0
2026,Swabi,4,,,,1894600,,,,,57,777,33
2026,Swat,4,,,,,,,,,8,1300,25
2026,Tank,4,,,,470293,,,,,78,365,0
2026,Tor Ghar,4,,,,200445,,,,,24,46,4
2026,Upper Kurram,4,,,,785434,,,,,7,106,5
2026,Badin,5,,,,1947081,,,,,1969,1597,48
2026,Dadu,5,,,,1742320,,,,,3075,1782,124
2026,Ghotki,5,,,,1772609,,,,,1842,745,0
2026,Hyderabad,5,,,,2432540,,,,,662,1894,1
2026,Jacobabad,5,,,,1174097,,,,,967,522,10
2026,Jamshoro,5,,,,1117308,,,,,1620,1197,27
2026,Kamber,5,,,,1514869,,,,,2286,1317,16
2026,Karachi Central,5,,,,3822325,,,,,17,1555,75
2026,Karachi East,5,,,,3950031,,,,,24,317,0
2026,Karachi Keamari,5,,,,2068451,,,,,3,622,9
2026,Karachi Korangi,5,,,,3128971,,,,,69,328,13
2026,Karachi Malir,5,,,,2403959,,,,,116,1185,17
2026,Karachi South,5,,,,2329764,,,,,9,84,0
2026,Karachi West,5,,,,2679380,,,,,370,828,24
2026,Kashmore,5,,,,1233957,,,,,1591,201,0
2026,Khairpur,5,,,,2597535,,,,,4241,2659,131
2026,Larkana,5,,,,1784453,,,,,3089,1164,5
2026,Matiari,5,,,,849383,,,,,1848,984,1
2026,Mirpurkhas,5,,,,1681386,,,,,1201,2245,45
2026,Naushero Feroze,5,,,,1777082,,,,,1386,1400,35
2026,Sanghar,5,,,,2308465,,,,,3239,1534,11
2026,Shaheed Benazirabad,5,,,,1845102,,,,,1758,1310,100
2026,Shikarpur,5,,,,1386330,,,,,1642,836,4
2026,Sujawal,5,,,,839292,,,,,723,1225,15
2026,Sukkur,5,,,,1639897,,,,,1327,857,5
2026,Tando Allahyar,5,,,,922012,,,,,802,756,4
2026,Tando Muhammad Khan,5,,,,726119,,,,,405,655,0
2026,Tharparkar,5,,,,1778407,,,,,1412,1677,10
2026,Thatta,5,,,,1083191,,,,,817,993,9
2026,Umerkot,5,,,,1159831,,,,,1619,1225,24
2026,Awaran,5,,,,178958,,,,,NR,NR,NR
2026,Barkhan,5,,,,210249,,,,,9,17,18
2026,Chagai,5,,,,269192,,,,,NR,NR,NR
2026,Chaman,5,,,,466218,,,,,NR,NR,NR
2026,Dera Bugti,5,,,,355274,,,,,0,1,NR
2026,Duki,5,,,,205044,,,,,NR,NR,NR
2026,Gwadar,5,,,,305160,,,,,35,90,4
2026,Harnai,5,,,,127571,,,,,36,136,0
2026,Hub,5,,,,382885,,,,,25,112,1
2026,Jaffarabad,5,,,,594558,,,,,7,19,0
2026,Jhal Magsi,5,,,,203368,,,,,15,22,3
2026,Kachhi (Bolan),5,,,,,,,,,290,254,0
2026,Kalat,5,,,,271560,,,,,0,0,0
2026,Kech (Turbat),5,,,,1060931,,,,,3,73,1
2026,Kharan,5,,,,260352,,,,,3,105,6
2026,Khuzdar,5,,,,997214,,,,,2,20,NR
2026,Killa Abdullah,5,,,,361971,,,,,0,12,0
2026,Killa Saifullah,5,,,,380200,,,,,24,31,6
2026,Kohlu,5,,,,260220,,,,,4,9,1
2026,Lasbella,5,,,,680977,,,,,155,268,6
2026,Loralai,5,,,,272432,,,,,NR,NR,NR
2026,Mastung,5,,,,313271,,,,,3,112,7
2026,MusaKhel,5,,,,196756,,,,,92,74,10
2026,Naseerabad,5,,,,563315,,,,,116,215,13
2026,Nushki,5,,,,207834,,,,,NR,NR,NR
2026,Panjgur,5,,,,509781,,,,,NR,NR,NR
2026,Pishin,5,,,,835482,,,,,NR,NR,NR
2026,Quetta,5,,,,2595492,,,,,3,171,1
2026,Sherani,5,,,,191687,,,,,NR,NR,NR
2026,Sibi,5,,,,224148,,,,,87,155,10
2026,Sohbat pur,5,,,,240106,,,,,NR,NR,NR
2026,Surab,5,,,,279038,,,,,NR,NR,NR
2026,Usta Muhammad,5,,,,,,,,,46,167,0
2026,Washuk,5,,,,302623,,,,,NR,NR,NR
2026,Zhob,5,,,,355692,,,,,0,18,1
2026,Ziarat,5,,,,189535,,,,,NR,NR,NR
2026,Abbottabad,5,,,,1419072,,,,,0,369,18
2026,Bajaur,5,,,,,,,,,104,418,3
2026,Bannu,5,,,,1357890,,,,,947,583,66
2026,Battagram,5,,,,335984,,,,,4,159,2
2026,Buner,5,,,,,,,,,77,140,4
2026,Charsadda,5,,,,1835504,,,,,152,1433,184
2026,Chitral Lower,5,,,,,,,,,5,251,5
2026,Chitral Upper,5,,,,195528,,,,,0,51,3
2026,D.I. Khan,5,,,,1829811,,,,,91,1366,0
2026,Dir Lower,5,,,,,,,,,49,835,19
2026,Dir Upper,5,,,,,,,,,5,630,8
2026,Hangu,5,,,,528902,,,,,16,238,0
2026,Haripur,5,,,,1174783,,,,,0,750,0
2026,Karak,5,,,,815878,,,,,26,220,1
2026,Khyber,5,,,,1146267,,,,,33,180,11
2026,Kohat,5,,,,1234661,,,,,18,421,6
2026,Kohistan Lower,5,,,,340017,,,,,0,121,0
2026,Kohistan Upper,5,,,,422947,,,,,5,266,0
2026,Kolai Palas,5,,,,280162,,,,,0,79,0
2026,L & C Kurram,5,,,,,,,,,1,23,0
2026,Lakki Marwat,5,,,,1040856,,,,,118,317,8
2026,Malakand,5,,,,,,,,,11,426,0
2026,Mansehra,5,,,,1797177,,,,,0,493,25
2026,Mardan,5,,,,2744898,,,,,12,745,7
2026,Mohmand,5,,,,553933,,,,,43,27,3
2026,North Waziristan,5,,,,693332,,,,,65,41,24
2026,Nowshera,5,,,,1740705,,,,,45,806,9
2026,Orakzai,5,,,,387561,,,,,1,34,0
2026,Peshawar,5,,,,4758762,,,,,12,2850,27
2026,Shangla,5,,,,,,,,,76,489,16
2026,South Waziristan (Lower),5,,,,,,,,,14,70,5
2026,SWU,5,,,,,,,,,14,24,0
2026,Swabi,5,,,,1894600,,,,,58,820,24
2026,Swat,5,,,,,,,,,14,1383,24
2026,Tank,5,,,,470293,,,,,88,394,0
2026,Tor Ghar,5,,,,200445,,,,,13,83,11
2026,Upper Kurram,5,,,,785434,,,,,10,144,7
